G,GS,MP,FG,FGA,FG%,3P,3PA,3P%,2P,2PA,2P%,eFG%,FT,FTA,FT%,ORB,DRB,TRB,AST,STL,BLK,TOV,PF,PTS
73,28,23.6,3.6,8.3,.439,0.8,2.1,.359,2.9,6.1,.468,.486,1.1,1.8,.595,2.0,4.5,6.5,1.1,0.5,0.6,1.2,2.1,9.1
76,75,26.3,2.8,5.1,.547,0.0,0.0,.000,2.8,5.0,.548,.547,1.4,2.6,.543,4.6,5.4,10.0,3.4,0.9,0.8,1.5,2.0,6.9
56,56,32.6,7.3,13.0,.557,0.0,0.1,.000,7.3,12.9,.562,.557,4.6,6.1,.753,2.4,7.6,10.1,3.4,1.4,0.8,2.6,3.1,19.1
32,0,11.3,1.7,4.1,.402,0.2,1.5,.125,1.5,2.6,.560,.424,0.6,1.0,.625,1.0,1.7,2.7,0.7,0.2,0.3,0.5,1.1,4.1
47,12,22.3,5.4,9.7,.550,0.3,1.0,.304,5.1,8.8,.578,.566,1.9,2.2,.873,1.6,3.9,5.5,0.9,0.3,1.0,0.9,1.7,12.9
65,21,22.6,3.9,10.5,.372,1.6,5.2,.311,2.3,5.3,.433,.449,1.2,1.7,.743,0.6,2.3,2.9,2.4,0.7,0.4,1.4,1.6,10.6
50,19,26.3,4.7,12.6,.375,1.9,6.1,.311,2.8,6.5,.434,.450,1.4,1.9,.722,0.7,2.6,3.3,2.8,0.8,0.4,1.7,1.8,12.8
15,2,9.9,1.1,3.2,.333,0.7,2.2,.303,0.4,1.0,.400,.438,0.7,0.8,.917,0.1,1.5,1.5,1.1,0.3,0.3,0.5,1.0,3.5
66,61,27.3,3.9,8.6,.448,2.4,5.9,.409,1.5,2.7,.533,.588,1.0,1.1,.865,0.5,2.9,3.4,1.5,0.7,0.3,0.7,1.5,11.1
56,56,32.3,6.6,9.7,.677,0.0,0.2,.100,6.6,9.6,.688,.678,2.9,4.2,.708,3.4,7.3,10.8,1.6,0.8,1.3,1.7,1.7,16.1
54,1,15.4,2.4,5.4,.446,0.6,2.0,.291,1.8,3.4,.538,.500,0.7,1.0,.679,0.5,1.4,1.9,2.8,1.3,0.1,0.7,1.4,6.1
16,6,19.8,2.3,5.9,.379,0.9,3.7,.254,1.3,2.3,.583,.458,0.9,1.2,.789,0.3,2.6,2.9,2.1,0.5,0.4,0.5,1.4,6.4
3,0,15.7,1.3,2.7,.500,0.7,2.0,.333,0.7,0.7,1.000,.625,1.0,1.3,.750,0.0,2.0,2.0,2.0,0.3,0.0,0.7,1.3,4.3
13,6,20.7,2.5,6.7,.368,1.0,4.1,.245,1.5,2.6,.559,.443,0.9,1.2,.800,0.3,2.8,3.1,2.1,0.5,0.5,0.5,1.4,6.8
69,11,21.5,3.0,6.8,.446,0.5,1.6,.330,2.5,5.2,.481,.484,1.0,1.5,.638,1.0,4.3,5.3,2.7,1.1,0.7,1.0,1.6,7.6
67,67,32.9,10.3,18.6,.553,1.1,3.6,.293,9.2,15.0,.616,.582,8.3,11.4,.722,2.0,9.6,11.6,5.8,1.1,1.4,3.3,3.2,29.9
48,6,9.9,1.5,2.7,.547,0.0,0.3,.143,1.4,2.4,.596,.555,0.6,1.0,.630,0.8,1.3,2.1,0.5,0.3,0.3,0.5,1.4,3.6
69,3,26.0,4.6,10.5,.441,2.2,5.8,.375,2.5,4.7,.521,.544,1.9,2.3,.830,0.9,3.3,4.2,1.0,0.7,0.8,0.9,2.4,13.3
65,65,31.7,5.5,14.0,.391,2.0,6.0,.338,3.5,8.0,.432,.464,3.3,3.9,.854,0.5,4.9,5.4,5.7,0.7,0.3,2.6,2.6,16.3
48,48,36.0,6.4,14.5,.443,2.4,6.6,.363,4.0,7.9,.511,.526,1.9,2.5,.754,1.5,4.0,5.5,2.6,1.5,0.5,1.7,2.7,17.1
10,0,7.6,0.6,1.2,.500,0.4,0.9,.444,0.2,0.3,.667,.667,0.0,0.0,0,0.0,0.8,0.8,0.4,0.1,0.0,0.3,0.5,1.6
24,11,19.3,1.4,4.1,.333,0.8,3.1,.270,0.5,1.0,.520,.434,0.4,0.8,.556,0.4,3.0,3.4,1.1,0.5,0.3,0.5,0.8,4.0
55,2,16.1,1.7,4.0,.423,1.2,3.0,.415,0.5,1.1,.448,.577,0.7,0.8,.884,0.2,1.0,1.2,1.9,0.3,0.0,1.0,0.7,5.3
34,2,15.0,1.6,4.0,.404,1.1,2.8,.406,0.5,1.2,.400,.548,1.0,1.1,.868,0.2,1.0,1.2,2.2,0.3,0.0,1.3,0.5,5.4
21,0,17.8,1.9,4.1,.453,1.4,3.2,.426,0.5,0.9,.556,.622,0.2,0.2,1.000,0.2,1.1,1.3,1.6,0.3,0.0,0.5,1.0,5.3
82,8,24.2,3.0,7.1,.432,1.0,3.2,.317,2.0,3.9,.525,.503,1.3,1.7,.757,0.6,4.5,5.2,2.0,0.7,0.5,1.1,2.3,8.4
7,0,2.9,0.1,0.9,.167,0.0,0.1,.000,0.1,0.7,.200,.167,0.0,0.0,0,0.1,0.3,0.4,0.6,0.0,0.0,0.0,0.0,0.3
58,58,29.5,7.6,12.0,.634,0.1,0.3,.368,7.5,11.7,.642,.639,1.8,2.4,.746,2.6,7.7,10.2,1.4,0.7,0.7,1.6,2.4,17.2
17,6,11.5,2.2,2.9,.755,0.0,0.0,0,2.2,2.9,.755,.755,0.4,0.6,.545,1.1,3.1,4.2,0.0,0.1,0.6,0.7,1.5,4.7
48,25,24.0,4.7,9.3,.504,0.5,2.0,.237,4.2,7.3,.579,.530,1.4,2.1,.663,2.2,4.9,7.0,0.8,0.5,0.4,0.8,1.9,11.3
30,17,22.1,3.8,8.2,.463,0.5,2.1,.242,3.3,6.1,.538,.494,1.2,1.6,.745,2.2,4.9,7.2,0.6,0.3,0.4,0.7,1.7,9.3
18,8,27.2,6.2,11.1,.555,0.4,1.9,.229,5.7,9.2,.624,.575,1.8,3.0,.593,2.1,4.7,6.8,1.1,0.7,0.4,1.0,2.4,14.6
75,75,32.3,7.2,16.7,.429,2.9,7.5,.389,4.2,9.2,.462,.517,2.8,3.2,.872,1.4,5.2,6.7,7.6,1.6,0.4,3.3,3.2,20.1
35,35,34.6,4.6,10.9,.423,3.1,7.4,.423,1.5,3.5,.423,.567,0.6,0.8,.750,1.0,4.4,5.4,5.1,1.8,0.9,2.3,2.4,13.0
71,69,25.7,4.2,8.7,.480,1.5,4.0,.381,2.7,4.7,.563,.566,0.8,1.0,.781,2.1,6.0,8.1,1.2,0.5,1.7,1.1,2.6,10.6
76,76,29.8,6.7,14.5,.461,3.0,6.9,.436,3.7,7.6,.484,.565,1.8,2.0,.903,0.6,3.8,4.4,2.7,1.2,0.4,1.5,2.6,18.2
64,1,10.9,1.3,3.2,.411,0.2,0.8,.255,1.1,2.4,.464,.443,0.4,0.7,.591,0.6,1.3,1.9,1.5,0.4,0.2,0.8,1.1,3.2
3,0,4.3,0.0,1.3,.000,0.0,0.0,0,0.0,1.3,.000,.000,0.0,1.3,.000,0.3,0.7,1.0,1.0,0.0,0.0,0.3,0.3,0.0
77,77,33.5,5.1,10.8,.469,1.8,4.7,.394,3.2,6.2,.525,.554,4.4,5.4,.826,1.1,4.5,5.6,2.4,0.7,0.2,1.5,1.2,16.4
74,74,35.4,6.2,12.6,.492,0.8,2.6,.301,5.4,10.0,.543,.524,2.1,2.9,.735,2.6,4.9,7.5,3.5,1.1,0.7,1.8,2.6,15.3
70,70,34.5,7.0,17.1,.408,2.0,5.8,.342,5.0,11.3,.442,.466,4.1,5.8,.714,0.9,4.9,5.8,3.0,0.6,0.2,2.2,2.0,20.0
71,71,32.1,5.5,12.6,.438,2.2,6.1,.365,3.3,6.6,.504,.525,1.4,1.8,.803,0.6,4.2,4.8,3.9,0.8,0.4,1.8,1.6,14.7
2,0,3.5,1.0,3.0,.333,0.0,1.0,.000,1.0,2.0,.500,.333,1.0,1.0,1.000,1.0,1.0,2.0,0.0,0.5,0.0,1.0,1.0,3.0
23,0,7.3,1.3,2.0,.638,0.0,0.2,.000,1.3,1.9,.698,.638,0.4,0.5,.750,1.0,1.7,2.7,0.3,0.2,0.7,0.3,1.4,3.0
59,14,16.2,2.3,4.5,.517,0.3,0.9,.309,2.0,3.5,.572,.549,0.8,1.0,.754,1.1,2.9,3.9,0.7,0.5,0.2,0.8,1.0,5.7
59,54,24.8,3.0,6.6,.463,1.8,4.6,.400,1.2,2.0,.607,.602,0.4,0.6,.658,0.5,3.8,4.3,1.7,1.0,0.7,0.7,1.4,8.3
39,14,14.0,1.2,3.6,.324,0.7,2.1,.363,0.4,1.5,.271,.428,0.3,0.4,.765,0.3,1.4,1.8,0.9,0.6,0.2,0.5,1.8,3.4
69,53,27.9,4.0,9.4,.422,1.2,3.9,.297,2.8,5.5,.511,.484,1.7,2.5,.688,1.0,5.3,6.3,1.4,0.8,1.0,1.3,1.0,10.8
40,40,36.0,8.7,19.3,.451,1.6,5.3,.300,7.1,14.0,.508,.492,4.2,5.1,.833,1.0,3.8,4.7,6.6,0.9,0.4,3.4,2.4,23.2
79,18,25.0,4.2,10.8,.391,3.0,8.1,.377,1.2,2.7,.432,.532,0.6,0.8,.817,0.3,2.5,2.9,1.5,0.5,0.2,0.5,1.1,12.1
1,0,2.0,0.0,0.0,0,0.0,0.0,0,0.0,0.0,0,0,0.0,0.0,0,1.0,0.0,1.0,0.0,1.0,0.0,0.0,2.0,0.0
56,20,18.3,2.2,3.9,.561,0.3,0.6,.417,1.9,3.3,.589,.595,0.4,0.6,.600,0.8,2.2,2.9,1.2,0.9,0.4,0.6,2.0,5.1
48,20,19.8,2.5,4.4,.568,0.3,0.8,.417,2.2,3.7,.599,.603,0.4,0.7,.600,0.8,2.4,3.2,1.3,1.0,0.5,0.6,2.2,5.8
8,0,9.6,0.4,1.0,.375,0.0,0.0,0,0.4,1.0,.375,.375,0.0,0.0,0,0.5,0.9,1.4,0.8,0.3,0.0,0.1,1.1,0.8
56,0,14.4,1.8,4.9,.360,1.4,4.1,.335,0.4,0.8,.489,.500,0.6,0.7,.900,0.2,1.9,2.1,0.6,0.3,0.2,0.3,1.5,5.6
34,0,14.7,1.8,5.0,.351,1.4,4.2,.319,0.4,0.8,.519,.485,0.8,0.9,.933,0.2,1.6,1.8,0.5,0.3,0.2,0.4,1.6,5.7
22,0,13.9,1.8,4.7,.375,1.4,3.9,.360,0.4,0.8,.444,.524,0.4,0.5,.800,0.3,2.3,2.5,0.7,0.3,0.3,0.2,1.4,5.3
58,54,25.4,3.1,7.5,.406,1.4,4.2,.343,1.6,3.3,.485,.501,1.7,2.3,.722,1.1,3.1,4.1,4.6,1.2,0.9,1.3,3.0,9.2
82,82,33.0,5.5,13.9,.396,2.6,7.4,.346,2.9,6.4,.454,.489,2.6,3.1,.827,1.3,4.1,5.4,2.8,0.9,0.2,1.2,1.6,16.1
55,28,18.0,1.8,3.6,.485,0.0,0.3,.000,1.8,3.4,.522,.485,1.0,1.3,.746,2.2,2.1,4.3,1.0,0.5,0.5,0.5,1.9,4.5
50,16,14.6,2.6,5.0,.520,0.5,1.6,.288,2.2,3.4,.628,.565,1.3,1.9,.681,1.6,2.0,3.5,1.1,0.4,0.8,0.9,2.1,7.0
36,3,14.1,2.4,4.0,.593,0.0,0.0,0,2.4,4.0,.593,.593,1.1,2.0,.535,1.8,2.9,4.6,0.6,0.3,0.7,0.7,1.9,5.8
71,0,16.1,2.3,4.8,.468,0.8,2.1,.362,1.5,2.7,.549,.547,0.8,1.1,.728,0.9,3.3,4.1,2.2,0.6,0.4,1.2,1.8,6.1
54,29,25.2,3.6,8.7,.421,0.9,3.0,.313,2.7,5.6,.479,.475,1.6,2.2,.761,0.5,2.9,3.4,4.2,1.3,0.4,2.1,1.6,9.9
31,1,11.3,1.1,3.6,.306,0.7,2.3,.292,0.4,1.3,.333,.401,0.2,0.4,.545,0.5,0.9,1.5,0.6,0.4,0.0,0.5,0.9,3.1
63,27,29.3,5.4,12.6,.431,2.7,7.3,.368,2.7,5.3,.516,.537,1.5,1.8,.843,0.5,3.5,4.0,3.1,1.1,0.2,1.1,2.1,15.1
69,69,30.9,6.1,13.4,.455,2.6,6.8,.387,3.5,6.7,.524,.552,3.2,3.8,.858,0.8,3.4,4.3,1.7,0.5,0.0,1.7,1.7,18.1
14,0,5.8,1.1,1.9,.556,0.1,0.3,.250,1.0,1.6,.609,.574,0.1,0.4,.400,0.3,1.1,1.4,0.4,0.1,0.1,0.3,0.3,2.4
35,2,6.9,0.5,1.5,.315,0.1,0.5,.278,0.3,1.0,.333,.361,0.3,0.4,.846,0.5,0.8,1.2,0.6,0.2,0.0,0.4,0.7,1.4
15,0,4.6,0.2,0.9,.231,0.1,0.3,.250,0.1,0.6,.222,.269,0.3,0.5,.625,0.3,0.2,0.5,0.3,0.5,0.1,0.1,0.7,0.8
68,68,34.5,9.7,20.9,.466,2.7,7.0,.383,7.0,13.9,.508,.530,4.6,5.3,.868,0.7,4.4,5.0,4.8,1.1,0.4,2.4,2.6,26.8
51,0,14.9,2.5,6.4,.385,0.7,2.2,.306,1.8,4.2,.425,.437,1.2,1.4,.819,0.3,1.8,2.2,1.0,0.5,0.3,0.6,0.8,6.7
80,9,21.1,3.4,7.2,.464,0.9,2.9,.297,2.5,4.4,.575,.523,1.9,2.4,.777,2.2,3.9,6.2,0.3,0.6,0.9,0.5,2.2,9.4
31,0,9.8,1.6,4.5,.348,0.5,1.6,.347,1.0,3.0,.348,.408,0.9,1.0,.871,0.7,1.0,1.7,0.8,0.2,0.0,0.5,0.9,4.6
62,45,22.7,2.4,5.6,.423,1.3,3.4,.390,1.1,2.3,.471,.540,0.3,0.3,.889,0.5,1.7,2.2,0.8,0.9,0.1,0.6,1.9,6.4
55,7,10.0,1.3,2.2,.585,0.0,0.0,0,1.3,2.2,.585,.585,0.3,0.5,.655,1.2,2.2,3.4,0.5,0.2,0.6,0.6,1.1,3.0
42,1,12.8,1.9,4.5,.431,0.6,2.1,.310,1.3,2.4,.535,.503,0.5,0.8,.656,0.5,1.2,1.7,0.9,0.2,0.1,0.4,1.1,5.0
82,82,34.8,5.6,10.5,.534,1.4,3.8,.369,4.2,6.7,.628,.601,1.6,1.9,.834,0.9,3.3,4.2,2.3,1.2,0.4,0.8,1.8,14.2
80,80,35.5,7.5,15.2,.491,1.9,5.8,.331,5.5,9.4,.590,.554,3.3,4.2,.802,1.1,5.9,7.0,3.8,0.9,0.8,1.9,2.4,20.2
67,25,23.3,3.1,7.6,.411,1.2,3.5,.350,1.9,4.0,.465,.493,1.7,2.4,.695,1.6,3.7,5.3,1.1,0.7,0.4,0.8,1.7,9.1
36,36,33.5,6.8,15.1,.448,1.6,5.2,.312,5.1,9.9,.518,.501,4.0,4.6,.856,0.9,4.2,5.1,5.9,0.8,0.4,2.1,2.0,19.1
41,8,16.8,2.1,6.1,.347,1.6,5.2,.300,0.6,0.9,.605,.474,0.4,0.5,.842,0.3,1.7,2.0,1.2,0.5,0.2,0.6,1.5,6.2
13,3,11.8,0.8,2.9,.289,0.8,2.8,.278,0.1,0.2,.500,.421,0.2,0.2,1.000,0.6,1.1,1.7,1.0,0.5,0.2,0.3,1.1,2.6
32,31,27.7,7.1,16.4,.432,1.4,4.7,.309,5.7,11.8,.480,.475,2.8,3.3,.849,0.9,2.3,3.2,2.8,1.1,0.3,1.6,3.3,18.4
72,45,24.6,3.6,7.0,.506,0.5,1.3,.404,3.0,5.7,.529,.543,1.3,1.8,.758,1.4,3.4,4.8,2.1,1.1,0.7,0.8,2.4,9.0
22,2,8.1,0.5,1.8,.256,0.0,0.5,.083,0.4,1.2,.333,.269,0.4,0.5,.900,0.6,0.8,1.5,0.3,0.5,0.2,0.2,0.8,1.4
3,0,5.0,0.3,1.7,.200,0.0,1.0,.000,0.3,0.7,.500,.200,0.0,0.0,0,0.0,0.3,0.3,0.3,0.7,0.3,0.0,0.7,0.7
19,2,8.5,0.5,1.8,.265,0.1,0.5,.111,0.4,1.3,.320,.279,0.5,0.5,.900,0.7,0.9,1.6,0.3,0.4,0.2,0.3,0.8,1.5
2,0,10.5,0.5,3.5,.143,0.0,1.5,.000,0.5,2.0,.250,.143,0.0,0.0,0,0.0,1.0,1.0,0.0,0.0,0.0,0.5,0.0,1.0
3,2,27.7,3.0,8.3,.360,2.0,5.0,.400,1.0,3.3,.300,.480,1.7,2.0,.833,0.3,4.3,4.7,1.3,0.7,0.0,0.0,2.3,9.7
48,6,13.3,1.7,4.0,.426,0.4,1.3,.311,1.3,2.7,.481,.476,0.9,1.4,.677,0.8,2.0,2.8,0.7,0.5,0.5,0.8,1.9,4.7
66,66,33.6,8.7,18.4,.473,2.5,7.0,.358,6.2,11.4,.544,.541,3.7,4.8,.758,0.8,5.3,6.1,3.5,1.1,0.3,2.7,2.5,23.6
40,6,8.6,1.6,2.7,.593,0.0,0.0,0,1.6,2.7,.593,.593,1.1,1.8,.597,1.0,2.4,3.4,0.0,0.2,0.4,0.5,1.3,4.3
26,1,6.5,1.0,1.9,.540,0.0,0.0,0,1.0,1.9,.540,.540,1.0,1.7,.628,0.6,1.7,2.3,0.0,0.1,0.3,0.5,1.1,3.1
14,5,12.6,2.6,4.1,.638,0.0,0.0,0,2.6,4.1,.638,.638,1.1,2.1,.552,1.6,3.6,5.3,0.0,0.3,0.5,0.4,1.8,6.4
49,3,12.8,1.2,3.2,.381,0.6,1.9,.304,0.6,1.3,.492,.471,0.3,0.3,.933,0.5,2.5,3.0,0.7,0.3,0.1,0.5,1.1,3.3
66,7,16.0,1.6,3.9,.419,0.7,2.0,.353,0.9,1.9,.488,.510,0.3,0.4,.769,0.6,2.5,3.1,1.0,0.5,0.1,0.4,0.9,4.3
79,61,31.9,6.4,12.8,.502,1.2,3.2,.373,5.2,9.6,.545,.549,2.3,2.7,.840,0.5,3.4,3.9,4.8,0.8,0.0,1.6,1.9,16.3
27,9,16.3,2.9,5.5,.520,0.4,1.6,.286,2.4,3.9,.613,.561,1.3,1.5,.875,1.0,3.0,4.0,0.9,0.2,0.8,0.7,1.6,7.4
2,0,5.0,0.5,2.0,.250,0.0,1.0,.000,0.5,1.0,.500,.250,0.0,0.0,0,0.5,0.5,1.0,1.0,0.5,0.0,1.0,0.5,1.0
68,37,28.0,3.0,7.4,.401,2.1,5.8,.360,0.9,1.6,.550,.542,0.6,0.7,.833,0.5,3.1,3.5,1.2,0.6,0.2,0.6,1.6,8.6
42,0,10.5,2.0,5.1,.391,0.6,2.0,.317,1.4,3.2,.436,.451,0.5,0.5,.870,0.1,0.7,0.8,1.4,0.3,0.0,0.6,0.9,5.1
81,44,28.6,3.5,9.0,.391,1.9,4.8,.404,1.6,4.2,.378,.499,2.7,3.3,.822,0.6,4.3,4.9,3.0,1.0,0.3,1.1,2.7,11.7
42,1,8.6,1.5,3.6,.404,0.7,2.1,.318,0.8,1.5,.524,.497,0.3,0.4,.688,0.1,1.0,1.1,1.5,0.4,0.2,0.8,1.1,3.8
57,57,33.9,7.0,14.5,.480,0.5,2.0,.233,6.5,12.5,.520,.496,6.9,8.0,.870,1.8,4.1,5.9,5.5,1.6,0.5,2.1,1.5,21.4
15,0,8.1,1.4,2.1,.677,0.0,0.0,0,1.4,2.1,.677,.677,0.3,0.5,.571,0.5,2.3,2.8,0.4,0.5,0.5,0.2,1.1,3.1
77,77,30.2,4.7,10.8,.435,2.1,5.3,.390,2.6,5.5,.480,.531,1.8,2.0,.890,0.5,2.9,3.4,1.9,1.1,0.3,1.3,1.8,13.2
65,4,18.2,1.6,4.6,.361,0.9,3.0,.301,0.8,1.6,.476,.459,0.9,1.2,.769,0.4,1.4,1.8,3.4,1.0,0.4,1.0,1.9,5.1
15,1,11.7,1.5,2.7,.561,0.5,0.8,.583,1.1,1.9,.552,.646,0.6,0.9,.643,0.5,1.5,2.1,1.1,0.1,0.2,0.6,1.2,4.1
5,0,29.0,3.0,8.8,.341,3.0,7.4,.405,0.0,1.4,.000,.511,1.0,1.4,.714,0.2,1.0,1.2,2.0,1.0,0.6,1.0,1.8,10.0
74,73,27.6,5.0,8.2,.613,0.0,0.0,.000,5.0,8.1,.614,.613,1.1,2.3,.473,3.8,8.1,11.9,1.2,0.7,1.3,0.6,2.2,11.1
7,1,6.3,1.0,1.9,.538,0.0,0.0,0,1.0,1.9,.538,.538,0.9,1.9,.462,1.1,0.6,1.7,0.0,0.3,0.1,0.4,0.6,2.9
4,1,4.3,0.8,1.5,.500,0.0,0.0,0,0.8,1.5,.500,.500,0.5,0.8,.667,0.8,0.5,1.3,0.0,0.3,0.0,0.3,0.3,2.0
3,0,9.0,1.3,2.3,.571,0.0,0.0,0,1.3,2.3,.571,.571,1.3,3.3,.400,1.7,0.7,2.3,0.0,0.3,0.3,0.7,1.0,4.0
66,3,13.7,1.5,3.8,.387,1.0,2.6,.388,0.5,1.3,.386,.518,0.2,0.3,.833,0.2,1.5,1.7,1.5,0.4,0.2,0.5,1.0,4.2
46,1,12.0,1.3,3.8,.333,0.9,2.8,.331,0.3,1.0,.340,.454,0.2,0.2,.700,0.2,1.3,1.5,1.0,0.3,0.2,0.6,1.0,3.6
20,2,17.7,2.0,4.0,.506,1.2,2.2,.558,0.8,1.8,.444,.658,0.4,0.4,1.000,0.3,1.9,2.2,2.5,0.5,0.2,0.4,1.1,5.6
62,61,29.9,5.8,11.0,.525,1.1,3.5,.327,4.7,7.6,.615,.576,2.3,3.3,.691,2.2,8.2,10.5,2.8,0.6,0.7,1.9,2.7,15.0
41,18,28.0,2.5,6.2,.398,1.0,3.1,.333,1.5,3.2,.462,.480,1.4,1.8,.795,0.8,2.8,3.6,4.0,1.7,0.4,1.4,2.6,7.4
20,2,9.2,0.8,1.8,.457,0.1,0.1,.500,0.8,1.7,.455,.471,0.1,0.1,.500,0.7,1.4,2.0,0.5,0.3,0.2,0.4,1.0,1.7
18,2,9.8,0.9,1.9,.457,0.1,0.1,.500,0.8,1.8,.455,.471,0.1,0.1,.500,0.7,1.4,2.1,0.5,0.3,0.2,0.4,0.9,1.9
2,0,3.0,0.0,0.0,0,0.0,0.0,0,0.0,0.0,0,0,0.0,0.0,0,0.0,1.0,1.0,0.5,0.0,0.0,0.0,1.0,0.0
1,0,1.0,1.0,1.0,1.000,0.0,0.0,0,1.0,1.0,1.000,1.000,0.0,0.0,0,0.0,0.0,0.0,0.0,0.0,0.0,0.0,0.0,2.0
36,0,7.8,0.9,1.9,.463,0.3,0.8,.357,0.6,1.1,.538,.537,0.3,0.3,1.000,1.0,1.0,2.0,0.3,0.2,0.1,0.2,0.9,2.3
1,0,5.0,0.0,3.0,.000,0.0,2.0,.000,0.0,1.0,.000,.000,0.0,0.0,0,0.0,0.0,0.0,0.0,0.0,0.0,0.0,0.0,0.0
34,1,10.9,0.7,2.4,.296,0.5,1.6,.321,0.2,0.8,.250,.401,0.1,0.1,.667,0.3,0.8,1.1,1.9,0.4,0.0,0.9,0.9,2.0
34,0,10.2,1.8,3.9,.463,0.2,0.7,.320,1.6,3.2,.495,.493,0.6,1.0,.667,1.0,2.1,3.0,0.5,0.4,0.4,0.5,1.9,4.5
74,2,18.0,3.0,6.8,.448,0.8,2.6,.296,2.3,4.2,.540,.504,1.1,1.5,.735,0.7,1.8,2.5,2.0,0.9,0.2,1.5,1.3,7.9
38,1,9.9,0.9,2.3,.375,0.7,1.8,.400,0.1,0.5,.278,.534,0.2,0.3,.700,0.6,1.8,2.4,0.5,0.3,0.2,0.3,0.5,2.7
64,1,19.5,4.5,7.0,.644,0.1,0.3,.227,4.4,6.6,.666,.650,1.3,2.0,.654,2.1,3.2,5.3,1.3,0.6,1.1,0.5,1.9,10.4
79,1,27.1,5.9,14.1,.419,2.4,7.6,.318,3.5,6.5,.535,.504,1.8,2.2,.828,0.8,2.6,3.5,2.5,0.8,0.2,1.6,1.9,16.0
47,19,20.7,3.8,5.6,.674,0.0,0.0,0,3.8,5.6,.674,.674,1.1,2.0,.581,1.9,3.7,5.6,0.9,0.5,1.1,0.8,2.3,8.7
69,30,22.7,3.1,6.8,.453,1.4,3.7,.378,1.7,3.1,.542,.556,1.5,1.7,.863,0.4,2.5,2.9,1.8,0.6,0.2,0.7,1.3,9.0
54,53,30.8,6.3,11.9,.526,1.2,3.3,.364,5.1,8.7,.588,.576,2.5,3.1,.793,1.7,6.1,7.8,1.8,0.6,1.0,1.1,3.0,16.2
28,4,17.9,2.7,5.5,.490,0.5,1.5,.341,2.2,4.1,.544,.535,1.9,2.3,.800,1.6,3.8,5.5,2.2,0.5,0.8,1.6,2.4,7.8
3,0,12.3,0.7,2.3,.286,0.0,1.0,.000,0.7,1.3,.500,.286,0.0,0.0,0,0.0,1.3,1.3,0.7,0.3,0.0,0.3,1.7,1.3
72,72,28.6,4.8,11.0,.435,2.3,5.8,.408,2.4,5.2,.464,.542,1.8,2.3,.796,0.7,2.4,3.0,5.3,1.3,0.3,1.7,2.0,13.7
65,19,26.0,3.5,7.6,.458,2.2,5.7,.395,1.2,1.9,.643,.605,0.7,0.8,.833,0.7,3.5,4.2,1.3,0.9,0.2,0.5,1.3,9.9
20,2,10.0,1.2,1.9,.605,0.0,0.0,0,1.2,1.9,.605,.605,1.1,1.6,.656,0.8,1.9,2.7,0.2,0.2,0.2,0.4,1.4,3.4
13,0,3.0,0.2,1.1,.214,0.1,0.5,.167,0.2,0.6,.250,.250,0.0,0.0,0,0.0,0.4,0.4,0.4,0.0,0.0,0.4,0.1,0.5
13,0,2.9,0.4,1.2,.333,0.1,0.6,.125,0.3,0.5,.571,.367,0.2,0.3,.750,0.5,0.5,1.1,0.2,0.1,0.1,0.3,0.5,1.1
48,7,14.9,3.1,6.8,.460,0.8,2.5,.303,2.3,4.2,.554,.517,2.0,2.6,.760,1.5,4.1,5.6,1.5,0.7,0.4,1.8,2.9,9.0
17,5,16.9,3.2,6.9,.466,0.8,2.8,.271,2.5,4.1,.600,.521,1.8,2.2,.816,1.4,4.4,5.8,1.1,0.9,0.5,0.9,2.7,9.1
31,2,13.9,3.0,6.6,.456,0.8,2.4,.324,2.3,4.3,.530,.515,2.1,2.8,.736,1.6,3.9,5.5,1.7,0.6,0.4,2.2,3.0,8.9
71,42,27.3,2.9,7.0,.420,1.8,4.8,.378,1.1,2.2,.509,.548,0.8,1.0,.841,0.8,4.7,5.5,1.3,1.5,1.3,1.1,2.7,8.5
48,40,29.8,2.7,7.0,.381,1.6,4.8,.343,1.0,2.2,.462,.499,0.6,0.8,.833,0.9,4.9,5.7,1.4,1.5,1.3,1.2,2.8,7.6
23,2,22.1,3.5,7.0,.500,2.1,4.7,.450,1.4,2.3,.604,.651,1.2,1.4,.848,0.8,4.3,5.1,1.0,1.3,1.2,0.7,2.5,10.4
78,16,20.5,2.6,5.7,.454,1.0,3.0,.329,1.6,2.7,.594,.541,0.5,0.7,.750,1.1,2.9,4.0,1.2,0.6,0.5,0.9,1.9,6.6
51,14,20.3,2.5,5.5,.456,0.9,2.7,.333,1.6,2.8,.573,.537,0.5,0.7,.771,1.2,2.7,3.8,1.1,0.5,0.4,0.8,1.9,6.5
27,2,20.8,2.7,5.9,.450,1.1,3.6,.323,1.5,2.4,.641,.547,0.4,0.6,.706,1.0,3.3,4.3,1.2,0.8,0.6,1.0,2.1,6.9
67,67,28.1,3.2,8.1,.399,1.9,5.4,.348,1.3,2.7,.503,.516,1.1,1.3,.789,0.4,4.8,5.3,1.9,1.4,0.4,0.8,2.6,9.4
37,0,9.1,1.4,3.6,.378,0.3,1.3,.255,1.1,2.4,.443,.422,0.4,0.9,.471,0.4,0.9,1.3,0.9,0.5,0.1,0.5,1.1,3.5
3,0,4.0,0.3,0.7,.500,0.0,0.3,.000,0.3,0.3,1.000,.500,0.0,0.0,0,0.3,0.7,1.0,0.3,0.0,0.0,0.0,0.7,0.7
64,64,32.6,6.7,16.1,.416,1.8,5.7,.314,4.9,10.4,.472,.471,2.2,2.6,.845,0.9,4.6,5.5,5.6,1.2,0.7,3.7,3.1,17.4
64,64,33.3,5.6,11.5,.487,2.5,5.8,.422,3.2,5.7,.553,.594,1.3,1.5,.872,0.3,2.8,3.1,3.6,0.8,0.2,1.7,2.3,15.0
45,45,34.8,5.7,11.7,.485,2.2,5.6,.400,3.5,6.2,.561,.580,1.4,1.6,.877,0.4,3.0,3.4,4.0,0.8,0.2,1.9,2.2,15.0
19,19,29.9,5.5,11.1,.493,3.1,6.5,.468,2.4,4.6,.529,.630,0.9,1.1,.857,0.2,2.4,2.6,2.6,0.9,0.2,1.3,2.5,14.9
64,64,34.5,8.4,19.1,.437,4.5,11.7,.380,3.9,7.4,.527,.554,4.3,4.7,.923,0.5,4.7,5.2,6.3,1.3,0.4,3.2,2.0,25.5
40,40,35.1,9.3,17.4,.532,0.3,1.8,.186,8.9,15.6,.571,.542,4.4,6.1,.713,2.7,7.2,9.9,3.1,1.2,2.3,2.1,2.4,23.2
31,3,6.5,0.4,0.5,.688,0.0,0.0,0,0.4,0.5,.688,.688,0.2,0.5,.429,0.5,1.6,2.1,0.2,0.1,0.3,0.2,1.1,0.9
30,11,17.9,3.8,8.9,.423,1.6,5.0,.329,2.1,3.9,.542,.515,1.2,1.5,.818,0.4,2.8,3.1,1.3,0.8,0.4,1.1,2.3,10.4
7,0,8.0,1.1,2.0,.571,0.3,0.6,.500,0.9,1.4,.600,.643,0.0,0.0,0,0.1,0.7,0.9,0.7,0.1,0.0,0.3,0.3,2.6
67,15,15.9,2.4,4.3,.566,0.3,0.7,.404,2.2,3.6,.597,.598,1.1,1.5,.750,1.6,4.2,5.8,0.7,0.4,0.6,1.0,2.6,6.3
1,0,1.0,0.0,0.0,0,0.0,0.0,0,0.0,0.0,0,0,0.0,0.0,0,0.0,0.0,0.0,0.0,0.0,0.0,0.0,0.0,0.0
1,0,3.0,0.0,0.0,0,0.0,0.0,0,0.0,0.0,0,0,0.0,0.0,0,0.0,1.0,1.0,0.0,1.0,0.0,0.0,1.0,0.0
76,76,36.1,10.2,20.2,.504,0.7,1.9,.352,9.5,18.3,.520,.521,6.8,7.8,.877,0.7,4.4,5.2,4.9,0.9,0.3,2.4,2.3,27.9
13,3,14.5,1.9,3.6,.532,0.0,0.4,.000,1.9,3.2,.595,.532,0.5,0.8,.545,1.3,3.2,4.5,0.2,0.4,0.7,0.5,2.5,4.3
3,0,10.3,1.0,2.7,.375,0.0,0.0,0,1.0,2.7,.375,.375,1.7,2.0,.833,1.3,2.7,4.0,0.0,0.3,0.0,0.3,2.0,3.7
58,29,21.9,4.5,9.1,.496,0.4,1.6,.247,4.1,7.5,.550,.518,1.6,2.4,.650,1.2,3.6,4.8,1.3,1.2,0.3,1.0,2.5,11.0
44,3,8.4,1.2,2.5,.473,0.7,1.5,.426,0.5,1.0,.545,.603,0.4,0.6,.731,0.7,2.0,2.8,0.8,0.3,0.3,0.5,1.2,3.5
67,51,29.6,4.6,11.0,.416,1.7,4.9,.339,2.9,6.0,.479,.493,2.9,3.8,.774,0.7,3.5,4.2,5.2,0.7,0.2,1.6,2.2,13.7
44,44,30.2,4.2,11.2,.376,1.6,5.1,.310,2.6,6.0,.432,.447,2.6,3.3,.811,0.8,3.9,4.7,5.8,0.6,0.2,1.7,2.4,12.6
23,7,28.3,5.3,10.6,.498,1.8,4.5,.404,3.4,6.0,.568,.584,3.4,4.7,.725,0.4,2.7,3.1,3.9,0.7,0.3,1.3,1.9,15.8
42,1,23.9,2.8,8.0,.351,1.8,5.2,.339,1.0,2.8,.373,.461,1.7,2.0,.843,1.0,3.1,4.0,2.8,1.1,0.2,1.7,1.6,9.0
17,0,20.1,2.3,6.9,.331,1.2,4.4,.284,1.1,2.6,.409,.419,1.4,1.6,.852,1.1,2.5,3.5,1.7,0.6,0.2,1.6,1.5,7.2
25,1,26.6,3.2,8.7,.362,2.1,5.8,.368,1.0,3.0,.351,.484,1.9,2.2,.839,0.9,3.5,4.4,3.6,1.5,0.2,1.8,1.7,10.3
65,65,35.4,9.9,21.6,.457,3.1,8.8,.353,6.8,12.8,.528,.529,5.6,7.5,.744,0.9,8.3,9.1,8.7,1.2,0.6,4.5,2.2,28.4
51,51,32.6,5.7,14.2,.404,2.5,7.7,.332,3.2,6.6,.487,.493,3.2,3.7,.843,0.7,3.4,4.2,1.7,0.9,0.4,1.7,2.9,17.2
77,40,27.4,3.6,6.9,.520,0.9,2.4,.376,2.7,4.5,.596,.585,0.7,1.0,.679,0.4,2.4,2.8,3.3,0.8,0.4,1.4,2.4,8.8
2,0,10.5,1.0,2.0,.500,0.0,0.5,.000,1.0,1.5,.667,.500,0.0,0.0,0,0.0,1.0,1.0,0.5,0.0,0.0,0.0,0.0,2.0
11,0,7.7,1.0,2.1,.478,0.2,0.8,.222,0.8,1.3,.643,.522,0.5,0.8,.556,0.1,0.7,0.8,1.4,0.1,0.0,0.5,1.0,2.6
2,0,8.0,2.5,4.0,.625,0.5,1.0,.500,2.0,3.0,.667,.688,1.5,2.0,.750,1.0,2.0,3.0,0.0,1.5,1.0,1.0,0.5,7.0
9,0,12.0,0.9,2.9,.308,0.1,1.0,.111,0.8,1.9,.412,.327,0.2,0.2,1.000,0.9,1.1,2.0,1.1,0.6,0.1,0.6,0.6,2.1
4,0,7.0,0.8,1.5,.500,0.0,0.3,.000,0.8,1.3,.600,.500,0.0,0.0,0,0.3,1.5,1.8,0.8,0.0,0.3,0.3,0.5,1.5
1,0,3.0,0.0,1.0,.000,0.0,1.0,.000,0.0,0.0,0,.000,0.0,0.0,0,0.0,0.0,0.0,0.0,0.0,0.0,0.0,0.0,0.0
4,0,19.3,1.3,4.8,.263,0.3,1.8,.143,1.0,3.0,.333,.289,0.5,0.5,1.000,1.8,1.0,2.8,1.8,1.3,0.0,1.0,0.8,3.3
18,0,18.9,2.0,5.5,.364,0.8,2.7,.313,1.2,2.8,.412,.439,0.6,0.7,.769,0.8,2.7,3.5,1.6,0.6,0.3,0.7,1.8,5.4
21,8,23.7,2.7,7.2,.377,0.8,3.0,.254,2.0,4.2,.466,.430,1.3,1.6,.818,0.6,2.5,3.1,4.1,0.9,0.2,1.6,2.1,7.5
5,2,18.0,2.6,6.8,.382,0.8,2.8,.286,1.8,4.0,.450,.441,2.0,2.0,1.000,0.4,2.4,2.8,1.8,1.0,0.2,0.2,1.6,8.0
16,6,25.5,2.8,7.3,.376,0.8,3.1,.245,2.0,4.3,.471,.427,1.1,1.4,.739,0.7,2.5,3.2,4.8,0.9,0.2,2.1,2.3,7.3
73,36,19.7,3.4,5.9,.570,0.0,0.0,.000,3.4,5.9,.574,.570,1.2,2.2,.524,3.1,6.2,9.3,1.8,1.1,0.9,1.6,2.6,7.9
49,12,18.4,2.6,4.9,.538,0.0,0.0,.000,2.6,4.8,.542,.538,0.9,1.7,.512,2.8,6.1,8.8,2.0,1.1,0.9,1.6,2.5,6.1
24,24,22.3,5.0,8.1,.610,0.0,0.0,.000,5.0,8.1,.613,.610,1.8,3.4,.537,3.9,6.4,10.3,1.4,0.9,1.0,1.5,3.0,11.8
55,39,28.0,4.9,11.3,.432,1.7,4.6,.369,3.2,6.7,.475,.507,1.6,2.0,.804,0.7,3.4,4.1,2.1,1.0,0.2,1.6,1.7,13.1
22,7,15.5,1.8,4.9,.361,0.4,1.7,.243,1.4,3.2,.423,.403,0.8,1.0,.810,1.4,1.7,3.0,0.8,0.6,0.3,0.4,1.6,4.7
14,3,24.0,3.1,7.3,.431,0.1,0.8,.091,3.1,6.5,.473,.436,1.2,1.3,.944,0.6,2.9,3.5,5.6,1.6,0.2,2.3,2.7,7.6
55,55,37.2,10.5,20.3,.518,2.1,5.5,.383,8.4,14.8,.568,.570,6.8,7.4,.910,0.5,6.9,7.4,6.4,0.9,0.9,3.5,2.1,29.9
1,0,3.0,0.0,0.0,0,0.0,0.0,0,0.0,0.0,0,0,0.0,0.0,0,0.0,0.0,0.0,0.0,0.0,0.0,0.0,0.0,0.0
72,72,34.3,7.6,17.3,.441,3.0,8.4,.357,4.6,8.9,.519,.527,3.1,3.9,.786,0.9,3.9,4.8,3.8,1.5,0.6,2.6,2.3,21.3
4,0,19.8,2.3,7.5,.300,1.0,4.0,.250,1.3,3.5,.357,.367,0.3,0.3,1.000,0.5,1.0,1.5,3.5,0.5,0.0,1.3,1.0,5.8
48,23,20.6,2.3,5.6,.412,1.0,2.8,.353,1.3,2.7,.473,.502,0.3,0.4,.842,0.9,2.7,3.6,0.6,0.6,0.5,0.9,1.8,5.9
2,0,5.5,0.5,2.0,.250,0.5,2.0,.250,0.0,0.0,0,.375,0.0,0.0,0,0.0,1.5,1.5,0.0,0.0,0.0,0.5,0.0,1.5
58,28,20.2,2.1,5.3,.393,0.6,2.2,.294,1.4,3.1,.462,.453,1.0,1.4,.714,1.1,2.8,3.9,1.5,0.6,0.3,1.0,2.0,5.8
43,9,18.8,2.3,5.5,.414,1.9,4.9,.389,0.4,0.6,.615,.586,0.2,0.3,.818,0.2,1.6,1.8,0.7,0.5,0.1,0.4,1.0,6.7
68,68,33.8,9.8,19.6,.499,1.4,3.7,.371,8.4,15.9,.529,.534,9.6,11.8,.814,2.1,9.6,11.7,4.2,1.1,1.5,3.1,2.7,30.6
7,0,8.0,1.6,3.4,.458,0.4,1.1,.375,1.1,2.3,.500,.521,0.6,0.7,.800,0.7,1.0,1.7,0.4,0.3,0.3,0.3,0.7,4.1
2,0,7.0,1.0,3.5,.286,0.5,1.0,.500,0.5,2.5,.200,.357,0.0,0.0,0,1.0,1.5,2.5,0.0,0.5,0.5,0.0,0.0,2.5
2,0,14.0,3.5,5.5,.636,1.0,2.0,.500,2.5,3.5,.714,.727,2.0,2.0,1.000,1.0,1.5,2.5,0.0,0.5,0.5,0.5,2.0,10.0
3,0,4.7,0.7,2.0,.333,0.0,0.7,.000,0.7,1.3,.500,.333,0.0,0.3,.000,0.3,0.3,0.7,1.0,0.0,0.0,0.3,0.3,1.3
71,31,17.5,3.1,5.2,.596,0.1,0.3,.217,3.0,4.9,.621,.602,1.4,1.8,.762,1.8,3.5,5.4,1.2,0.4,0.6,1.1,1.7,7.7
49,9,12.1,1.7,3.2,.528,0.0,0.2,.125,1.7,3.1,.550,.531,1.2,1.6,.747,1.3,2.7,4.0,1.0,0.3,0.6,0.9,1.2,4.7
22,22,29.5,6.2,9.6,.646,0.2,0.7,.267,6.0,9.0,.675,.656,1.8,2.3,.784,3.0,5.5,8.5,1.6,0.8,0.5,1.6,2.8,14.5
11,1,5.4,0.5,1.1,.417,0.0,0.0,0,0.5,1.1,.417,.417,0.2,0.6,.286,0.6,1.5,2.1,0.2,0.0,0.5,0.3,0.3,1.1
39,18,16.7,2.4,4.7,.516,0.1,0.4,.125,2.4,4.3,.554,.522,0.4,0.6,.640,1.5,3.2,4.7,0.6,0.4,0.3,0.2,1.6,5.3
30,0,5.1,1.2,1.8,.655,0.0,0.1,.500,1.2,1.8,.660,.664,0.5,0.8,.625,0.6,1.2,1.8,0.2,0.0,0.4,0.5,0.8,2.9
20,0,2.9,0.4,0.7,.500,0.1,0.1,1.000,0.3,0.7,.462,.536,0.2,0.3,.800,0.4,0.4,0.8,0.2,0.0,0.2,0.3,0.3,1.0
10,0,9.4,2.9,4.1,.707,0.0,0.1,.000,2.9,4.0,.725,.707,1.1,1.9,.579,1.1,2.9,4.0,0.3,0.1,0.8,0.9,1.8,6.9
80,80,33.1,4.1,8.7,.471,2.2,5.4,.395,1.9,3.2,.599,.595,0.7,1.0,.675,1.5,3.2,4.7,1.9,1.1,0.5,1.0,2.3,11.0
15,0,4.2,0.5,1.3,.421,0.3,0.7,.500,0.2,0.6,.333,.553,0.0,0.0,0,0.1,1.0,1.1,0.3,0.0,0.0,0.1,0.3,1.4
7,0,5.0,0.3,1.3,.222,0.3,0.6,.500,0.0,0.7,.000,.333,0.0,0.0,0,0.0,1.4,1.4,0.0,0.0,0.0,0.3,0.4,0.9
8,0,3.5,0.8,1.3,.600,0.4,0.8,.500,0.4,0.5,.750,.750,0.0,0.0,0,0.3,0.6,0.9,0.6,0.0,0.0,0.0,0.1,1.9
44,5,12.2,1.6,4.2,.393,0.7,2.0,.333,1.0,2.1,.452,.475,0.3,0.5,.625,0.2,1.2,1.4,1.6,0.5,0.1,0.3,1.0,4.3
75,2,17.1,3.1,7.2,.429,1.6,3.9,.414,1.5,3.3,.447,.542,1.1,1.2,.908,0.1,1.1,1.2,1.0,0.3,0.1,0.7,1.3,8.8
40,1,16.9,3.2,7.4,.432,1.6,3.8,.417,1.6,3.6,.448,.539,1.1,1.2,.898,0.1,1.5,1.6,1.0,0.4,0.1,0.8,1.1,9.1
35,1,17.4,2.9,6.9,.424,1.7,4.1,.410,1.3,2.8,.444,.545,1.0,1.1,.921,0.2,0.7,0.9,1.0,0.2,0.1,0.7,1.5,8.6
5,0,14.8,1.2,4.0,.300,0.4,3.0,.133,0.8,1.0,.800,.350,0.0,0.0,0,0.4,2.6,3.0,0.4,0.2,0.0,0.8,1.4,2.8
60,6,12.8,1.3,2.6,.490,0.1,0.5,.185,1.2,2.1,.555,.506,0.6,0.8,.792,0.4,1.3,1.7,1.8,0.5,0.1,0.8,0.7,3.3
80,80,29.5,5.0,12.1,.417,3.0,7.7,.389,2.0,4.3,.465,.541,1.0,1.4,.708,0.4,2.2,2.6,2.1,1.0,0.3,1.3,2.3,14.1
59,59,35.3,8.7,18.5,.473,1.3,4.2,.297,7.5,14.3,.524,.506,4.4,5.9,.750,0.4,3.5,3.9,5.6,1.2,0.4,2.8,2.9,23.2
3,0,40.0,4.3,16.0,.271,0.3,7.0,.048,4.0,9.0,.444,.281,1.7,2.3,.714,1.7,2.7,4.3,0.3,0.3,0.0,1.0,2.7,10.7
12,3,17.3,1.2,3.8,.311,0.5,1.4,.353,0.7,2.3,.286,.378,0.4,0.8,.556,0.4,1.2,1.6,2.8,0.3,0.1,1.3,2.3,3.3
10,3,20.0,1.3,4.3,.302,0.6,1.7,.353,0.7,2.6,.269,.372,0.5,0.9,.556,0.5,1.4,1.9,3.3,0.3,0.1,1.3,2.4,3.7
2,0,4.0,0.5,1.0,.500,0.0,0.0,0,0.5,1.0,.500,.500,0.0,0.0,0,0.0,0.0,0.0,0.5,0.0,0.0,1.0,1.5,1.0
35,1,11.7,1.5,2.8,.526,0.1,0.1,.400,1.4,2.6,.533,.536,0.7,0.8,.857,1.7,2.8,4.6,0.2,0.1,0.4,0.6,1.2,3.7
18,3,20.0,4.6,9.7,.474,0.2,0.9,.235,4.4,8.8,.500,.486,1.4,1.7,.806,0.2,2.5,2.7,5.5,1.1,0.3,2.2,1.2,10.8
26,5,13.8,2.1,4.2,.491,0.3,1.1,.286,1.8,3.2,.561,.527,1.0,1.6,.595,1.5,2.2,3.7,0.5,0.2,0.4,0.6,2.6,5.4
1,0,1.0,0.0,0.0,0,0.0,0.0,0,0.0,0.0,0,0,0.0,0.0,0,0.0,1.0,1.0,0.0,0.0,0.0,0.0,0.0,0.0
6,0,7.7,0.8,2.2,.385,0.3,0.8,.400,0.5,1.3,.375,.462,0.3,0.7,.500,0.8,1.5,2.3,0.3,0.2,0.3,0.5,1.8,2.3
19,5,16.4,2.6,5.1,.505,0.3,1.2,.261,2.3,3.9,.581,.536,1.2,2.0,.605,1.8,2.5,4.3,0.6,0.2,0.5,0.7,3.0,6.7
72,53,20.1,4.0,5.7,.693,0.0,0.0,.000,4.0,5.7,.695,.693,1.5,2.1,.699,2.2,3.5,5.7,0.9,0.4,1.4,0.9,2.4,9.4
66,18,25.3,3.9,9.0,.434,1.7,4.5,.381,2.2,4.6,.485,.528,2.1,2.4,.904,0.5,4.1,4.7,1.5,0.4,0.2,0.6,1.4,11.7
7,0,15.3,0.9,3.7,.231,0.3,2.3,.125,0.6,1.4,.400,.269,0.0,0.0,0,0.4,2.1,2.6,1.7,0.1,0.0,0.9,1.0,2.0
4,0,14.5,1.3,3.3,.385,0.5,2.0,.250,0.8,1.3,.600,.462,0.0,0.0,0,0.3,1.8,2.0,1.3,0.0,0.0,1.3,1.3,3.0
3,0,16.3,0.3,4.3,.077,0.0,2.7,.000,0.3,1.7,.200,.077,0.0,0.0,0,0.7,2.7,3.3,2.3,0.3,0.0,0.3,0.7,0.7
68,68,35.7,8.0,17.3,.462,2.6,6.7,.383,5.4,10.6,.512,.536,3.2,3.5,.892,0.6,2.7,3.3,8.6,1.3,0.1,3.6,1.7,21.7
12,0,10.7,0.4,1.8,.238,0.1,0.3,.250,0.3,1.4,.235,.262,0.2,0.4,.400,0.8,1.2,1.9,0.6,0.4,0.3,0.2,1.3,1.1
24,2,10.0,0.8,1.8,.432,0.2,0.8,.250,0.6,1.0,.583,.489,0.2,0.3,.714,0.9,2.6,3.5,0.7,0.4,0.5,0.3,1.2,2.0
32,5,12.2,2.1,4.6,.449,0.5,1.5,.327,1.6,3.1,.510,.503,1.2,1.9,.623,1.8,1.3,3.1,0.6,0.3,0.2,0.6,1.7,5.8
55,1,18.9,2.9,6.9,.414,1.3,3.7,.345,1.6,3.2,.494,.507,1.1,1.4,.785,1.0,3.4,4.4,1.0,0.5,0.3,0.9,1.7,8.1
31,31,34.7,8.6,20.5,.421,2.9,8.3,.354,5.7,12.2,.467,.493,4.1,4.8,.858,0.4,6.5,6.9,5.7,2.2,0.4,4.1,2.4,24.3
52,4,18.2,1.7,3.2,.518,0.3,0.7,.395,1.4,2.5,.555,.563,0.8,1.0,.808,1.7,2.7,4.4,0.6,0.4,0.8,0.5,2.6,4.4
54,54,31.5,5.2,12.4,.419,1.0,3.9,.263,4.2,8.5,.492,.461,1.0,1.5,.709,1.8,6.0,7.8,6.4,0.9,0.4,3.2,1.6,12.5
56,56,34.7,8.5,18.8,.453,1.6,5.3,.300,6.9,13.5,.514,.496,5.9,7.2,.810,0.7,4.3,5.0,5.9,1.3,0.8,2.8,2.5,24.5
44,0,10.5,1.4,2.5,.569,0.3,0.6,.538,1.1,1.9,.578,.633,1.0,1.2,.808,0.8,1.2,1.9,0.6,0.1,0.3,0.4,1.3,4.1
9,2,13.2,1.0,2.4,.409,0.0,0.1,.000,1.0,2.3,.429,.409,0.3,0.8,.429,1.4,2.6,4.0,0.6,0.3,1.0,0.6,2.0,2.3
66,66,32.1,5.5,7.7,.713,0.0,0.1,.000,5.5,7.6,.718,.713,4.6,6.7,.690,3.7,11.0,14.7,1.1,0.7,2.1,1.8,2.7,15.6
36,5,13.9,1.8,4.3,.416,0.5,1.5,.345,1.3,2.8,.455,.477,0.7,1.1,.632,0.4,1.5,1.9,2.5,0.7,0.0,1.0,1.1,4.8
2,0,3.0,0.0,1.5,.000,0.0,0.5,.000,0.0,1.0,.000,.000,0.0,0.0,0,0.0,0.5,0.5,0.0,0.0,0.0,0.0,0.5,0.0
75,75,31.7,5.8,11.1,.520,1.2,3.5,.335,4.6,7.7,.605,.573,2.3,3.1,.743,1.7,4.2,5.9,2.5,0.6,0.6,1.8,2.0,15.0
57,46,29.3,4.7,9.9,.475,2.2,5.3,.412,2.5,4.6,.548,.585,1.8,2.4,.778,0.3,1.7,2.0,2.7,0.5,0.3,1.9,1.1,13.4
76,63,28.4,3.9,10.7,.363,2.5,7.4,.341,1.4,3.3,.413,.481,1.6,1.8,.843,0.5,1.8,2.3,4.2,0.9,0.2,1.4,1.3,11.9
47,47,31.9,6.3,14.9,.426,1.9,5.4,.358,4.4,9.5,.465,.491,4.6,5.5,.838,0.6,3.5,4.1,2.4,0.9,1.0,1.8,2.3,19.2
8,3,21.4,2.3,4.8,.474,1.4,3.3,.423,0.9,1.5,.583,.618,0.4,0.5,.750,0.1,2.5,2.6,2.5,0.6,0.1,1.1,1.6,6.3
62,28,21.8,2.0,5.2,.394,1.7,4.4,.380,0.4,0.8,.469,.555,0.2,0.2,.786,0.5,2.0,2.5,1.0,1.0,0.6,0.7,1.7,5.9
46,44,28.9,2.9,5.6,.525,0.3,1.2,.296,2.6,4.4,.586,.556,1.3,2.0,.659,1.0,6.3,7.3,7.0,1.3,1.1,3.0,3.0,7.5
67,67,31.9,6.1,14.2,.426,2.3,6.8,.343,3.7,7.4,.502,.508,2.8,3.5,.797,0.5,2.9,3.4,2.6,0.7,0.3,2.0,1.5,17.3
67,8,16.2,2.4,4.9,.486,0.5,1.9,.266,1.9,3.0,.621,.537,1.2,1.4,.871,1.2,3.0,4.2,0.9,0.6,0.4,0.9,2.4,6.4
65,45,23.4,2.7,5.0,.542,0.6,1.6,.356,2.2,3.4,.625,.597,1.2,1.5,.833,1.4,2.8,4.2,0.9,1.0,0.5,0.5,2.0,7.2
75,63,24.7,3.7,7.1,.524,0.7,2.2,.315,3.0,4.8,.620,.574,2.2,2.6,.833,0.5,2.5,3.1,1.3,0.4,0.4,0.9,2.0,10.3
67,3,15.5,1.9,3.8,.508,0.4,1.2,.359,1.5,2.7,.573,.563,0.5,0.7,.689,0.8,1.6,2.4,1.2,0.7,0.2,0.7,1.7,4.8
56,24,17.1,2.4,5.6,.425,0.7,2.6,.262,1.7,3.0,.565,.486,1.0,1.4,.724,1.1,3.0,4.1,1.9,0.5,0.3,0.6,1.7,6.4
46,6,17.1,2.1,5.1,.404,1.6,4.1,.381,0.5,1.0,.500,.557,0.3,0.4,.684,0.5,1.5,2.0,1.0,0.7,0.2,0.6,1.6,6.0
19,0,9.8,1.4,3.4,.400,0.7,2.1,.350,0.6,1.3,.480,.508,0.4,0.6,.667,0.2,0.7,0.9,0.9,0.4,0.1,0.7,0.6,3.9
42,13,22.5,4.5,9.1,.491,1.3,2.9,.447,3.1,6.1,.512,.563,1.1,1.6,.697,0.6,3.2,3.8,1.1,0.5,0.2,0.8,1.3,11.3
51,51,34.5,5.3,11.5,.457,2.0,4.9,.413,3.2,6.5,.491,.546,1.7,2.0,.837,0.8,3.1,3.9,7.4,1.7,0.7,2.3,1.4,14.3
26,26,36.1,6.2,12.4,.502,2.2,5.3,.416,4.0,7.2,.565,.590,2.8,3.3,.849,0.8,3.5,4.3,9.6,1.8,0.6,3.2,1.9,17.5
1,0,2.0,0.0,0.0,0,0.0,0.0,0,0.0,0.0,0,0,0.0,0.0,0,0.0,0.0,0.0,0.0,0.0,0.0,0.0,0.0,0.0
64,14,21.9,2.7,7.1,.383,1.0,2.9,.350,1.7,4.3,.405,.453,1.2,1.8,.641,0.4,2.7,3.0,2.5,0.7,0.2,1.4,1.6,7.6
42,20,29.6,5.0,12.6,.394,2.4,7.2,.336,2.5,5.4,.473,.491,1.9,2.5,.757,0.3,3.4,3.7,2.2,0.9,0.1,0.8,1.8,14.2
65,65,37.2,6.3,15.3,.410,2.3,6.9,.330,4.0,8.4,.476,.485,7.2,8.2,.877,0.8,6.8,7.7,10.3,1.3,0.6,4.4,2.4,22.0
44,44,37.0,6.6,16.0,.414,2.3,7.0,.332,4.3,9.1,.476,.486,6.9,8.0,.869,1.0,7.0,8.0,10.2,1.3,0.7,4.8,2.4,22.5
21,21,37.7,5.5,13.6,.402,2.2,6.7,.326,3.3,6.9,.476,.483,7.9,8.9,.892,0.6,6.5,7.1,10.5,1.2,0.2,3.4,2.3,21.0
47,24,18.4,1.8,3.9,.459,0.7,2.1,.307,1.1,1.7,.650,.544,0.4,0.6,.714,0.3,2.1,2.4,0.5,0.6,0.5,0.7,1.6,4.6
5,0,8.6,2.8,5.2,.538,1.0,2.4,.417,1.8,2.8,.643,.635,0.8,0.8,1.000,0.4,0.0,0.4,2.8,0.8,0.2,0.4,1.0,7.4
71,3,23.1,5.0,7.8,.645,0.1,0.2,.235,5.0,7.6,.658,.649,3.0,4.2,.716,2.1,4.0,6.1,2.0,0.4,0.6,1.0,1.9,13.1
46,3,24.3,5.4,8.3,.645,0.1,0.3,.267,5.3,8.0,.660,.650,3.2,4.5,.727,2.1,4.6,6.7,2.1,0.4,0.7,1.1,1.9,14.1
25,0,21.0,4.4,6.9,.645,0.0,0.1,.000,4.4,6.8,.653,.645,2.5,3.6,.692,2.1,2.8,4.9,2.0,0.4,0.5,0.9,2.0,11.4
61,30,28.4,3.9,9.1,.434,1.9,5.0,.384,2.0,4.1,.494,.539,1.4,1.6,.874,0.6,1.4,2.0,1.8,1.0,0.1,1.0,1.8,11.1
14,14,30.2,4.0,8.9,.452,2.9,6.3,.466,1.1,2.6,.417,.617,0.4,0.4,.833,0.4,3.6,4.0,1.0,0.5,0.1,1.1,2.2,11.3
73,73,34.8,6.8,14.0,.482,1.4,3.8,.367,5.4,10.2,.525,.532,2.3,2.8,.842,1.1,5.7,6.8,3.5,0.6,0.6,1.6,2.2,17.2
2,0,11.5,1.0,3.0,.333,0.0,1.0,.000,1.0,2.0,.500,.333,0.0,0.0,0,0.5,1.5,2.0,1.5,0.5,0.5,1.0,1.5,2.0
54,53,33.2,5.3,10.5,.504,1.4,3.9,.343,4.0,6.6,.601,.569,3.0,3.9,.758,1.1,6.0,7.2,4.1,1.1,0.2,2.1,2.8,14.9
41,40,33.5,4.8,9.4,.505,1.0,3.2,.323,3.7,6.2,.598,.560,2.8,3.8,.753,1.3,6.5,7.8,4.1,1.1,0.3,2.0,2.9,13.4
13,13,32.1,7.1,14.1,.503,2.4,6.4,.373,4.7,7.7,.610,.587,3.4,4.4,.772,0.7,4.7,5.4,4.3,1.2,0.2,2.5,2.5,19.9
68,0,17.9,3.4,5.4,.626,0.2,0.4,.467,3.2,4.9,.640,.645,1.3,1.9,.689,1.7,3.2,4.9,2.4,0.7,1.1,1.2,2.5,8.3
13,0,6.4,1.1,2.4,.452,0.1,0.3,.250,1.0,2.1,.481,.468,0.2,0.2,1.000,0.3,1.6,1.9,0.3,0.1,0.1,0.4,1.2,2.5
26,0,6.1,0.9,1.9,.460,0.7,1.7,.432,0.2,0.2,.667,.650,0.0,0.0,0,0.2,0.9,1.1,0.4,0.0,0.1,0.1,0.3,2.5
70,28,20.0,3.5,5.7,.616,0.3,0.8,.351,3.2,4.9,.660,.641,2.1,2.7,.766,1.6,2.9,4.5,0.6,0.5,0.8,0.8,2.2,9.3
66,40,25.0,2.7,7.0,.383,0.7,2.5,.263,2.0,4.4,.452,.431,0.9,1.1,.770,0.5,2.6,3.2,4.2,1.2,0.5,1.7,2.8,6.9
49,48,31.9,5.8,12.6,.459,1.8,4.5,.391,4.0,8.1,.496,.528,2.6,3.0,.846,0.8,3.8,4.6,3.6,1.0,0.4,1.7,1.7,15.9
6,0,2.8,0.2,0.8,.200,0.0,0.2,.000,0.2,0.7,.250,.200,0.0,0.0,0,0.0,0.2,0.2,0.0,0.0,0.3,0.3,0.3,0.3
40,9,11.1,1.1,2.7,.415,0.6,1.7,.348,0.5,0.9,.541,.528,0.5,0.9,.559,0.7,1.8,2.5,0.5,0.4,0.3,0.4,0.6,3.3
18,0,5.3,0.3,1.5,.185,0.2,1.0,.167,0.1,0.5,.222,.241,0.3,0.5,.667,0.5,0.9,1.4,0.2,0.2,0.1,0.3,0.4,1.1
5,0,10.2,0.4,1.2,.333,0.0,0.6,.000,0.4,0.6,.667,.333,0.6,0.8,.750,0.8,2.2,3.0,0.6,0.2,0.2,0.4,0.0,1.4
17,9,17.5,2.2,4.3,.507,1.2,2.8,.438,0.9,1.5,.640,.651,0.6,1.2,.476,0.9,2.6,3.5,0.8,0.5,0.4,0.5,1.1,6.2
50,8,16.8,3.4,6.5,.520,0.1,0.2,.333,3.3,6.3,.527,.526,2.2,2.8,.773,2.9,3.9,6.8,1.3,0.4,0.4,1.0,1.9,9.1
66,10,32.6,7.6,17.0,.447,2.7,6.7,.399,4.9,10.3,.477,.525,2.9,3.3,.868,0.5,4.5,5.0,4.0,0.7,0.1,2.6,1.4,20.7
81,32,30.9,5.5,13.6,.406,3.2,8.8,.366,2.3,4.7,.482,.526,1.4,1.6,.874,0.8,3.5,4.4,2.8,0.9,0.3,1.9,2.3,15.6
55,6,28.6,4.8,12.6,.382,3.3,9.0,.368,1.5,3.6,.419,.514,1.5,1.7,.870,0.8,3.2,4.0,1.9,0.9,0.3,1.6,2.1,14.4
26,26,35.6,7.0,15.6,.447,3.1,8.5,.362,3.9,7.1,.549,.546,1.2,1.3,.886,0.9,4.2,5.1,4.8,1.0,0.4,2.4,2.7,18.2
19,1,8.6,0.8,2.4,.348,0.5,1.5,.321,0.4,0.9,.389,.446,0.1,0.3,.400,0.5,0.8,1.4,0.3,0.1,0.2,0.2,0.7,2.3
54,17,23.2,2.2,5.1,.429,0.8,2.5,.306,1.4,2.6,.546,.504,1.1,1.1,.919,0.7,2.2,2.9,2.2,0.8,0.1,0.8,1.3,6.2
3,0,15.3,1.7,2.7,.625,1.0,1.7,.600,0.7,1.0,.667,.813,1.3,1.3,1.000,0.7,1.3,2.0,0.3,1.3,0.3,0.0,2.3,5.7
16,0,10.4,1.2,2.8,.432,0.6,1.9,.323,0.6,0.8,.692,.545,0.4,0.6,.700,0.6,1.3,1.8,0.4,0.2,0.1,0.2,1.1,3.4
13,1,10.7,0.2,1.5,.150,0.2,1.0,.154,0.1,0.5,.143,.200,0.0,0.0,0,0.5,1.3,1.8,0.9,0.3,0.2,0.1,1.2,0.6
2,0,1.0,0.0,0.5,.000,0.0,0.0,0,0.0,0.5,.000,.000,0.0,0.0,0,0.0,0.0,0.0,0.0,0.0,0.0,0.5,0.0,0.0
7,5,34.3,6.3,12.9,.489,1.3,3.6,.360,5.0,9.3,.538,.539,0.9,2.0,.429,4.3,7.7,12.0,2.4,0.9,0.7,1.1,2.0,14.7
63,15,16.2,2.4,5.4,.447,0.6,1.6,.379,1.8,3.7,.477,.504,0.9,1.1,.868,0.4,1.6,1.9,2.4,0.7,0.1,1.1,1.5,6.3
41,14,16.2,2.4,5.2,.467,0.6,1.6,.343,1.9,3.6,.524,.521,0.7,0.9,.800,0.2,1.4,1.6,1.9,0.6,0.2,1.0,1.5,6.1
22,1,16.3,2.3,5.6,.411,0.7,1.6,.444,1.6,4.0,.398,.476,1.4,1.5,.939,0.7,1.8,2.5,3.4,0.8,0.0,1.3,1.5,6.8
67,64,33.0,7.1,14.2,.501,2.0,4.8,.411,5.2,9.4,.547,.570,2.0,2.7,.761,1.0,3.5,4.5,6.8,1.6,0.4,2.7,2.0,18.3
49,40,28.9,3.9,9.3,.415,2.6,6.9,.378,1.3,2.5,.516,.553,0.7,0.8,.829,0.4,2.4,2.8,1.8,0.7,0.4,1.0,2.1,11.0
25,25,25.6,2.8,8.2,.348,2.0,5.8,.342,0.8,2.3,.362,.471,0.6,0.8,.762,0.4,1.8,2.2,1.5,0.8,0.6,0.8,2.0,8.3
45,37,23.9,4.4,6.7,.660,0.0,0.1,.400,4.4,6.6,.664,.663,1.6,2.0,.778,2.1,5.0,7.0,1.1,0.4,0.9,1.2,2.8,10.4
39,0,14.9,1.2,3.4,.351,0.6,2.1,.300,0.6,1.3,.431,.443,0.3,0.4,.929,0.3,1.4,1.7,0.8,0.3,0.1,0.2,0.7,3.3
13,0,9.8,0.9,2.0,.462,0.5,0.8,.545,0.5,1.2,.400,.577,0.3,0.4,.800,0.2,0.6,0.8,0.6,0.2,0.2,0.3,0.3,2.6
1,0,18.0,2.0,4.0,.500,0.0,1.0,.000,2.0,3.0,.667,.500,0.0,0.0,0,0.0,1.0,1.0,1.0,0.0,0.0,2.0,1.0,4.0
69,69,29.1,3.9,8.2,.467,1.3,3.8,.336,2.6,4.4,.582,.546,1.2,1.4,.842,1.6,6.1,7.7,3.4,0.7,1.3,0.9,1.9,10.2
60,19,25.2,3.7,9.0,.416,0.8,3.0,.269,2.9,5.9,.492,.462,1.7,2.1,.800,0.6,2.6,3.2,2.7,1.0,0.5,1.4,2.5,10.0
42,7,17.3,1.9,4.7,.404,1.0,2.8,.376,0.9,1.9,.444,.515,1.0,1.4,.759,0.4,2.2,2.6,1.0,0.5,0.4,0.8,1.2,5.9
16,1,14.6,1.6,4.6,.338,0.6,2.1,.294,0.9,2.5,.375,.405,1.1,1.2,.895,0.3,2.4,2.7,1.2,0.3,0.3,1.1,1.0,4.8
1,0,3.0,0.0,1.0,.000,0.0,1.0,.000,0.0,0.0,0,.000,0.0,0.0,0,0.0,0.0,0.0,0.0,0.0,0.0,0.0,0.0,0.0
25,6,19.6,2.2,4.9,.447,1.4,3.3,.415,0.8,1.6,.512,.585,1.1,1.6,.692,0.6,2.2,2.7,1.0,0.6,0.5,0.6,1.4,6.8
60,27,16.2,2.2,3.7,.612,0.1,0.3,.533,2.1,3.4,.618,.630,1.6,2.4,.658,2.0,4.0,5.9,0.6,0.6,0.6,0.8,1.9,6.2
31,0,5.7,1.3,3.3,.386,0.9,2.3,.400,0.4,1.0,.355,.525,0.6,0.7,.870,0.1,0.3,0.4,0.2,0.3,0.0,0.2,0.5,4.1
74,60,29.6,4.7,10.3,.454,2.2,5.6,.389,2.5,4.7,.530,.559,0.6,0.7,.808,0.4,3.0,3.4,2.7,0.7,0.4,1.2,2.5,12.1
4,0,5.0,0.0,0.8,.000,0.0,0.5,.000,0.0,0.3,.000,.000,0.0,0.0,0,0.3,0.8,1.0,0.3,0.3,0.3,0.3,0.3,0.0
14,1,8.0,1.1,2.6,.417,0.7,2.0,.357,0.4,0.6,.625,.556,0.2,0.2,1.000,0.1,1.1,1.2,0.4,0.3,0.1,0.5,0.5,3.1
22,3,14.6,1.5,4.9,.296,0.7,3.0,.224,0.8,1.9,.415,.366,0.2,0.3,.667,0.2,1.7,1.9,0.7,0.5,0.3,0.5,1.5,3.8
2,0,4.0,0.0,1.0,.000,0.0,0.0,0,0.0,1.0,.000,.000,0.0,0.0,0,0.5,0.0,0.5,0.5,0.5,0.0,0.5,0.5,0.0
53,52,29.8,4.8,10.8,.442,1.4,3.7,.379,3.4,7.2,.474,.506,2.4,3.1,.765,0.5,2.8,3.3,1.3,0.7,0.4,1.3,2.9,13.4
6,0,3.7,0.2,0.3,.500,0.0,0.0,0,0.2,0.3,.500,.500,0.3,0.3,1.000,0.0,0.8,0.8,0.3,0.0,0.0,0.7,0.2,0.7
69,4,19.0,3.3,8.3,.403,1.9,5.2,.366,1.4,3.1,.465,.518,1.6,1.8,.856,0.2,2.5,2.7,2.8,0.6,0.3,1.2,2.2,10.1
54,12,16.3,2.7,5.5,.500,0.7,1.8,.374,2.1,3.6,.563,.563,0.6,0.8,.727,1.1,3.5,4.6,0.9,0.2,0.6,0.8,1.9,6.8
35,10,15.4,2.7,5.5,.490,0.7,1.8,.387,2.0,3.7,.538,.552,0.6,0.8,.690,1.1,3.1,4.3,1.0,0.2,0.7,0.9,1.6,6.6
19,2,17.8,2.8,5.5,.519,0.7,1.9,.351,2.2,3.5,.612,.582,0.6,0.8,.800,1.2,4.1,5.3,0.7,0.2,0.4,0.5,2.4,7.0
31,0,19.5,1.5,3.9,.380,0.5,2.4,.230,0.9,1.5,.617,.450,0.5,0.6,.750,0.7,2.5,3.2,3.7,0.9,0.7,0.9,1.1,4.0
45,15,24.9,2.6,6.3,.404,1.7,5.0,.347,0.8,1.3,.617,.540,0.4,0.5,.773,0.3,2.6,2.9,3.5,0.5,0.1,1.0,1.8,7.2
55,55,34.0,8.2,17.9,.461,1.3,4.1,.327,6.9,13.8,.501,.498,4.8,5.9,.826,0.6,5.2,5.8,5.6,0.6,0.5,2.7,2.2,22.7
29,29,37.6,10.0,21.2,.469,3.4,8.2,.418,6.5,13.0,.501,.550,4.1,4.4,.915,0.6,3.8,4.4,5.8,1.4,0.6,2.5,2.8,27.4
3,1,27.3,2.7,6.0,.444,1.0,1.7,.600,1.7,4.3,.385,.528,1.0,1.3,.750,1.0,3.3,4.3,0.0,0.3,0.0,0.3,2.7,7.3
53,7,22.0,3.7,9.1,.402,1.6,5.3,.308,2.0,3.8,.529,.491,1.6,2.0,.827,0.4,1.3,1.6,1.0,0.5,0.2,0.7,1.7,10.6
36,15,15.0,3.2,5.7,.563,0.1,0.4,.313,3.1,5.3,.584,.575,1.7,2.4,.682,1.7,2.5,4.1,0.3,0.7,1.4,1.1,2.6,8.3
78,78,27.3,5.5,13.3,.415,1.6,5.1,.319,3.9,8.1,.476,.477,3.6,4.4,.823,1.5,4.3,5.8,1.1,0.9,2.3,1.7,3.5,16.3
51,3,16.3,2.4,5.9,.400,0.6,2.5,.254,1.7,3.3,.512,.455,1.1,1.5,.714,0.4,2.4,2.8,1.1,0.5,0.4,0.9,1.7,6.4
39,3,18.1,2.6,6.4,.410,0.8,2.9,.265,1.9,3.5,.529,.470,1.0,1.4,.714,0.4,2.7,3.2,1.3,0.5,0.5,1.0,1.8,7.1
12,0,10.3,1.4,4.1,.347,0.3,1.4,.176,1.2,2.7,.438,.378,1.3,1.8,.714,0.3,1.2,1.5,0.4,0.4,0.3,0.8,1.4,4.3
7,0,5.1,0.7,2.1,.333,0.4,1.3,.333,0.3,0.9,.333,.433,0.3,0.3,1.000,0.1,0.9,1.0,0.3,0.0,0.0,0.1,0.4,2.1
1,0,2.0,0.0,1.0,.000,0.0,0.0,0,0.0,1.0,.000,.000,2.0,2.0,1.000,0.0,0.0,0.0,0.0,0.0,0.0,0.0,0.0,2.0
6,0,5.8,0.8,2.3,.357,0.5,1.5,.333,0.3,0.8,.400,.464,0.0,0.0,0,0.2,1.0,1.2,0.3,0.0,0.0,0.2,0.5,2.2
75,75,31.2,6.4,16.3,.392,2.2,6.8,.326,4.2,9.5,.439,.460,1.8,2.2,.847,0.5,3.1,3.6,4.8,0.7,0.2,2.3,2.1,16.8
56,56,37.2,11.4,21.8,.524,2.9,8.0,.359,8.6,13.8,.620,.590,4.5,6.0,.756,1.1,7.1,8.2,6.2,1.3,1.1,3.5,2.2,30.3
1,0,1.0,0.0,0.0,0,0.0,0.0,0,0.0,0.0,0,0,0.0,0.0,0,0.0,0.0,0.0,0.0,0.0,0.0,0.0,0.0,0.0
3,0,3.0,0.3,0.7,.500,0.0,0.3,.000,0.3,0.3,1.000,.500,0.0,0.0,0,0.0,0.7,0.7,0.3,0.0,0.0,0.0,0.3,0.7
48,4,16.7,2.6,6.8,.378,1.1,3.9,.290,1.5,3.0,.493,.460,0.8,1.0,.809,0.4,1.2,1.6,2.3,0.6,0.1,0.8,1.5,7.1
55,1,11.1,1.1,3.2,.350,0.8,2.5,.333,0.3,0.8,.405,.477,0.5,0.6,.935,0.1,0.9,1.0,0.6,0.3,0.1,0.3,0.9,3.6
23,0,7.3,0.7,1.7,.436,0.0,0.2,.000,0.7,1.5,.486,.436,0.3,0.5,.583,1.2,1.4,2.7,0.4,0.2,0.0,0.5,0.8,1.8
16,0,7.6,0.8,1.4,.522,0.0,0.1,.000,0.8,1.3,.571,.522,0.3,0.4,.571,1.0,1.3,2.3,0.5,0.2,0.0,0.5,0.9,1.8
3,0,6.0,0.7,2.0,.333,0.0,0.7,.000,0.7,1.3,.500,.333,0.0,0.3,.000,1.7,2.3,4.0,0.0,0.0,0.0,1.0,0.0,1.3
4,0,7.0,0.8,2.5,.300,0.0,0.0,0,0.8,2.5,.300,.300,0.8,1.0,.750,1.8,1.5,3.3,0.3,0.5,0.0,0.3,0.8,2.3
4,0,16.3,2.8,6.3,.440,1.0,2.5,.400,1.8,3.8,.467,.520,0.0,0.0,0,1.5,2.3,3.8,0.0,0.0,0.3,0.0,1.0,6.5
66,16,26.2,4.2,9.2,.460,2.5,5.9,.425,1.7,3.3,.523,.596,1.5,1.7,.860,0.6,3.5,4.1,1.5,0.9,0.2,0.7,1.7,12.5
2,0,1.0,0.0,0.5,.000,0.0,0.5,.000,0.0,0.0,0,.000,0.0,0.0,0,0.0,0.0,0.0,0.0,0.0,0.0,0.0,0.0,0.0
22,0,5.5,1.0,1.9,.537,0.1,0.6,.231,0.9,1.3,.679,.573,0.2,0.3,.714,0.1,1.1,1.2,0.1,0.1,0.1,0.4,0.4,2.4
62,10,19.2,2.3,5.0,.469,0.4,1.4,.271,2.0,3.6,.545,.507,0.5,0.9,.527,0.8,2.6,3.5,2.1,0.5,0.5,0.8,2.6,5.5
1,0,2.0,1.0,1.0,1.000,0.0,0.0,0,1.0,1.0,1.000,1.000,0.0,0.0,0,0.0,0.0,0.0,0.0,0.0,0.0,0.0,0.0,2.0
75,74,31.9,6.3,13.5,.466,2.1,5.3,.398,4.2,8.2,.510,.545,2.4,3.1,.756,1.1,5.0,6.1,2.1,0.8,0.2,1.2,2.0,17.0
37,12,18.8,2.6,7.4,.353,0.9,2.7,.340,1.7,4.6,.360,.415,1.1,1.4,.804,0.6,1.5,2.2,2.1,0.8,0.3,1.2,1.9,7.2
15,0,9.0,1.1,3.4,.333,0.2,0.7,.273,0.9,2.7,.350,.363,1.1,1.4,.762,0.4,1.0,1.4,0.9,0.5,0.1,0.5,1.4,3.5
22,12,25.5,3.6,10.0,.357,1.4,4.0,.348,2.2,6.0,.364,.428,1.1,1.4,.833,0.8,1.9,2.7,2.9,1.0,0.5,1.8,2.2,9.7
48,27,22.8,2.4,5.2,.466,0.7,2.2,.314,1.8,3.0,.575,.532,1.1,1.5,.716,0.7,2.5,3.2,1.7,0.9,0.3,0.7,2.3,6.7
6,0,15.2,1.0,3.3,.300,0.8,2.2,.385,0.2,1.2,.143,.425,0.0,0.0,0,0.5,1.5,2.0,1.2,0.5,0.5,0.3,1.2,2.8
3,0,12.7,1.3,3.3,.400,1.0,2.3,.429,0.3,1.0,.333,.550,0.0,0.0,0,0.3,1.7,2.0,0.7,0.3,0.3,0.3,1.3,3.7
3,0,17.7,0.7,3.3,.200,0.7,2.0,.333,0.0,1.3,.000,.300,0.0,0.0,0,0.7,1.3,2.0,1.7,0.7,0.7,0.3,1.0,2.0
74,74,33.5,10.3,17.7,.583,1.3,3.9,.337,9.0,13.8,.652,.620,5.1,6.3,.810,2.8,11.0,13.8,7.9,1.5,0.9,3.8,2.6,27.1
5,0,4.6,0.2,1.8,.111,0.0,0.2,.000,0.2,1.6,.125,.111,0.4,0.4,1.000,0.2,0.4,0.6,1.0,0.2,0.0,0.6,0.0,0.8
3,0,6.3,0.0,2.3,.000,0.0,0.3,.000,0.0,2.0,.000,.000,0.7,0.7,1.000,0.3,0.7,1.0,1.7,0.3,0.0,1.0,0.0,0.7
2,0,2.0,0.5,1.0,.500,0.0,0.0,0,0.5,1.0,.500,.500,0.0,0.0,0,0.0,0.0,0.0,0.0,0.0,0.0,0.0,0.0,1.0
56,15,18.2,3.1,4.8,.658,0.2,0.5,.345,2.9,4.2,.696,.677,1.7,2.3,.718,1.3,3.1,4.4,1.2,0.5,0.8,1.1,2.3,8.1
51,8,17.6,2.1,3.8,.538,0.4,1.2,.328,1.7,2.6,.634,.590,1.1,1.4,.800,1.2,2.1,3.3,0.6,0.5,0.6,0.6,2.1,5.6
78,69,29.9,3.5,7.4,.476,0.7,2.2,.337,2.8,5.2,.533,.525,1.8,2.1,.840,1.3,2.5,3.8,2.1,1.7,0.8,1.3,3.1,9.5
2,0,7.5,1.0,1.5,.667,0.0,0.0,0,1.0,1.5,.667,.667,0.0,0.0,0,1.0,0.5,1.5,0.0,0.5,0.0,0.0,1.0,2.0
21,0,3.0,0.4,0.7,.643,0.0,0.1,.500,0.4,0.6,.667,.679,0.1,0.4,.375,0.1,0.4,0.5,0.2,0.0,0.1,0.3,0.4,1.0
4,0,12.8,1.8,3.8,.467,0.3,1.0,.250,1.5,2.8,.545,.500,3.0,3.8,.800,0.3,2.3,2.5,1.0,0.5,0.0,0.3,2.0,6.8
69,11,16.6,2.4,4.9,.490,0.1,0.7,.196,2.3,4.2,.542,.504,1.0,1.3,.780,0.4,1.8,2.2,3.4,0.6,0.1,0.7,1.1,6.0
73,23,21.2,3.4,7.6,.451,1.1,2.8,.390,2.3,4.8,.487,.524,0.7,0.9,.818,0.2,2.2,2.4,4.4,0.9,0.0,0.6,0.4,8.7
48,20,13.0,1.9,3.0,.643,0.0,0.0,0,1.9,3.0,.643,.643,0.5,0.8,.550,1.7,3.8,5.5,0.4,0.3,0.7,0.8,1.5,4.3
32,19,12.8,1.9,2.8,.674,0.0,0.0,0,1.9,2.8,.674,.674,0.4,0.8,.462,1.6,3.8,5.4,0.4,0.3,0.8,0.7,1.6,4.1
16,1,13.4,2.0,3.4,.593,0.0,0.0,0,2.0,3.4,.593,.593,0.6,0.9,.714,2.0,3.8,5.8,0.5,0.1,0.6,1.0,1.3,4.6
65,39,24.6,2.7,6.2,.445,1.0,2.4,.414,1.7,3.7,.465,.526,1.5,1.7,.885,0.4,2.2,2.7,3.6,0.6,0.3,1.3,2.3,8.0
13,4,16.4,2.4,5.2,.463,0.8,2.0,.385,1.6,3.2,.512,.537,1.1,2.3,.467,0.5,1.2,1.6,0.9,0.8,0.2,1.5,1.5,6.6
9,0,5.3,0.6,1.2,.455,0.2,0.4,.500,0.3,0.8,.429,.545,0.4,1.0,.444,0.4,0.4,0.9,0.0,0.1,0.1,0.4,0.9,1.8
4,4,41.5,6.5,14.0,.464,2.0,5.5,.364,4.5,8.5,.529,.536,2.5,5.3,.476,0.5,2.8,3.3,3.0,2.5,0.3,4.0,2.8,17.5
9,0,20.1,4.0,7.3,.545,0.6,1.7,.333,3.4,5.7,.608,.583,2.0,2.2,.900,1.2,3.3,4.6,1.4,0.9,0.8,0.6,1.6,10.6
70,13,27.4,4.1,9.1,.449,2.7,6.0,.449,1.4,3.1,.449,.598,1.0,1.1,.896,0.3,3.0,3.3,2.1,0.6,0.1,0.9,1.4,11.9
11,0,17.9,3.0,6.5,.458,0.5,1.9,.286,2.5,4.6,.529,.500,0.6,1.2,.538,1.2,3.4,4.5,1.0,0.9,1.0,1.0,2.4,7.2
2,0,3.0,0.5,1.0,.500,0.0,0.5,.000,0.5,0.5,1.000,.500,0.0,0.0,0,0.5,0.5,1.0,0.5,0.5,0.0,1.0,0.5,1.0
9,0,21.2,3.6,7.8,.457,0.7,2.2,.300,2.9,5.6,.520,.500,0.8,1.4,.538,1.3,4.0,5.3,1.1,1.0,1.2,1.0,2.8,8.6
4,0,4.8,0.0,1.3,.000,0.0,1.0,.000,0.0,0.3,.000,.000,0.3,0.5,.500,0.0,1.3,1.3,0.0,0.0,0.0,0.3,1.0,0.3
10,0,10.4,1.5,4.7,.319,0.8,2.7,.296,0.7,2.0,.350,.404,0.7,1.0,.700,0.0,1.2,1.2,0.9,0.2,0.1,0.0,1.4,4.5
77,36,23.4,3.0,6.7,.455,1.5,4.2,.350,1.6,2.5,.629,.564,0.7,0.8,.871,0.7,2.0,2.7,1.1,0.5,0.3,0.6,1.2,8.2
59,21,24.6,2.4,6.0,.398,1.4,4.3,.325,1.0,1.7,.586,.516,0.8,1.1,.708,1.2,4.7,5.9,1.2,0.5,1.0,0.8,2.3,7.0
5,0,13.0,2.0,5.0,.400,0.8,3.4,.235,1.2,1.6,.750,.480,1.6,1.6,1.000,0.0,1.6,1.6,1.6,0.2,0.0,0.8,1.0,6.4
37,2,7.2,1.2,2.4,.511,0.1,0.4,.308,1.1,2.0,.547,.534,1.2,1.6,.733,0.9,1.4,2.3,0.6,0.2,0.2,0.5,1.1,3.7
30,0,7.4,1.0,2.8,.365,0.5,1.8,.278,0.5,1.0,.516,.453,0.5,0.7,.727,0.5,1.0,1.5,0.3,0.1,0.1,0.2,0.6,3.1
13,0,8.5,1.2,3.1,.375,0.8,2.2,.357,0.4,0.9,.417,.500,0.5,0.8,.700,0.6,1.1,1.7,0.2,0.2,0.1,0.4,0.4,3.6
17,0,6.5,0.9,2.6,.356,0.3,1.5,.192,0.6,1.1,.579,.411,0.5,0.7,.750,0.4,0.9,1.3,0.4,0.1,0.1,0.1,0.8,2.7
72,7,17.9,1.9,3.6,.515,0.7,1.8,.413,1.2,1.9,.610,.615,0.4,0.7,.551,1.2,3.4,4.6,1.5,0.6,0.3,0.4,1.3,4.8
67,19,21.1,2.7,7.0,.387,1.1,4.0,.289,1.6,3.0,.515,.469,1.0,1.3,.810,0.3,2.3,2.6,1.9,0.5,0.1,0.7,0.9,7.6
15,0,6.9,0.9,1.8,.481,0.0,0.3,.000,0.9,1.5,.591,.481,0.3,0.4,.667,0.9,1.1,1.9,0.6,0.2,0.2,0.0,0.6,2.0
2,0,7.5,0.5,2.5,.200,0.0,0.5,.000,0.5,2.0,.250,.200,1.0,1.5,.667,1.0,0.5,1.5,0.5,0.0,0.5,0.0,0.5,2.0
1,0,3.0,0.0,1.0,.000,0.0,0.0,0,0.0,1.0,.000,.000,0.0,0.0,0,1.0,0.0,1.0,0.0,0.0,0.0,0.0,1.0,0.0
12,0,7.1,1.0,1.8,.571,0.0,0.3,.000,1.0,1.4,.706,.571,0.2,0.3,.667,0.8,1.3,2.1,0.7,0.3,0.2,0.0,0.6,2.2
30,8,23.0,2.3,5.6,.407,1.1,3.3,.327,1.2,2.3,.522,.503,0.6,0.7,.864,0.6,2.8,3.4,1.9,0.6,0.3,1.0,2.2,6.2
2,0,2.5,0.0,0.5,.000,0.0,0.5,.000,0.0,0.0,0,.000,0.0,0.0,0,0.0,0.0,0.0,0.0,0.0,0.0,0.0,0.5,0.0
70,12,16.9,3.4,6.6,.513,0.7,2.1,.336,2.7,4.4,.598,.567,1.9,2.7,.684,0.8,2.6,3.3,0.9,0.4,0.3,1.1,2.1,9.3
66,66,33.4,6.4,14.2,.452,1.9,5.7,.341,4.5,8.5,.526,.520,2.4,3.3,.712,1.1,7.4,8.5,3.5,0.6,0.9,2.6,1.9,17.1
2,0,4.0,0.0,1.0,.000,0.0,1.0,.000,0.0,0.0,0,.000,0.0,0.0,0,0.0,0.5,0.5,1.0,0.0,0.0,0.0,0.0,0.0
39,0,15.7,2.2,5.8,.373,1.0,3.0,.333,1.2,2.8,.414,.458,1.7,2.1,.838,0.4,2.0,2.4,1.3,0.6,0.4,0.6,1.1,7.1
17,0,18.9,2.8,7.0,.403,0.9,3.1,.302,1.9,3.9,.485,.471,1.3,1.5,.846,0.6,2.9,3.5,1.8,0.5,0.5,0.8,0.9,7.9
54,1,10.9,1.9,3.8,.495,0.5,1.6,.326,1.3,2.1,.626,.566,0.6,0.8,.829,1.2,1.4,2.6,0.8,0.2,0.3,0.6,1.0,4.9
48,5,16.1,1.7,4.0,.435,0.6,1.8,.341,1.1,2.2,.509,.510,0.5,0.9,.548,0.6,1.6,2.3,0.4,0.5,0.3,0.3,1.0,4.5
44,5,16.5,1.8,4.2,.429,0.7,1.9,.349,1.1,2.3,.495,.508,0.5,0.8,.588,0.7,1.7,2.4,0.4,0.5,0.4,0.4,1.0,4.7
4,0,10.8,1.0,1.8,.571,0.0,0.5,.000,1.0,1.3,.800,.571,0.8,2.0,.375,0.0,1.0,1.0,0.5,0.3,0.0,0.0,0.3,2.8
67,67,34.7,8.4,17.7,.476,2.8,7.1,.389,5.7,10.6,.534,.554,4.8,5.6,.853,0.3,4.3,4.6,4.5,0.6,0.3,2.6,1.8,24.4
34,1,6.8,0.9,2.1,.411,0.2,1.0,.229,0.6,1.1,.579,.466,0.4,0.5,.722,0.2,0.9,1.1,0.3,0.2,0.1,0.3,0.4,2.4
63,5,19.9,2.7,6.1,.441,1.0,3.0,.337,1.7,3.1,.541,.523,1.0,1.2,.880,0.4,2.8,3.2,1.0,0.6,0.1,0.6,1.5,7.4
37,0,16.3,1.9,4.8,.390,0.4,1.6,.233,1.5,3.2,.470,.429,1.5,1.9,.789,0.5,1.9,2.4,2.9,1.0,0.3,1.0,1.2,5.6
39,10,15.9,2.4,4.5,.534,0.2,0.5,.286,2.3,4.0,.568,.551,1.1,1.6,.651,1.3,2.8,4.1,1.2,0.3,0.6,1.1,2.6,6.0
58,49,30.7,6.5,14.7,.444,1.4,4.4,.320,5.1,10.3,.497,.492,2.5,3.3,.756,0.7,2.9,3.7,4.3,0.9,0.4,1.9,2.3,17.0
39,39,31.1,7.1,15.9,.447,1.6,4.8,.323,5.6,11.1,.501,.496,2.8,3.7,.760,0.8,3.1,3.8,4.4,0.9,0.5,1.9,2.3,18.7
19,10,29.8,5.3,12.2,.435,1.1,3.5,.313,4.2,8.7,.485,.481,1.8,2.5,.745,0.7,2.7,3.4,3.9,0.8,0.3,1.7,2.1,13.6
24,0,14.2,2.5,6.1,.404,0.5,2.4,.224,1.9,3.7,.523,.449,0.4,0.5,.833,0.4,1.3,1.6,2.0,0.5,0.0,1.1,0.7,5.9
2,0,3.5,0.0,0.0,0,0.0,0.0,0,0.0,0.0,0,0,0.5,1.0,.500,0.0,0.0,0.0,0.5,0.5,0.0,0.0,0.0,0.5
29,29,36.4,7.7,19.0,.402,3.2,9.8,.324,4.5,9.2,.485,.486,5.5,6.2,.878,0.4,3.7,4.1,7.3,0.6,0.4,2.9,1.3,24.0
42,23,25.9,3.5,7.5,.460,1.2,3.7,.331,2.2,3.8,.584,.541,1.6,2.2,.734,1.4,4.2,5.6,1.3,0.6,0.9,1.0,2.0,9.8
19,5,20.2,2.2,4.7,.456,1.4,3.4,.422,0.7,1.4,.538,.606,0.6,0.7,.857,0.8,2.2,3.0,1.1,0.7,0.4,0.8,1.9,6.4
82,80,21.1,2.5,4.4,.571,0.0,0.0,.000,2.5,4.4,.573,.571,0.9,1.5,.600,2.5,4.7,7.3,2.0,0.6,0.6,0.8,2.6,6.0
13,11,22.9,4.7,10.1,.466,1.5,4.1,.358,3.2,6.0,.538,.538,1.5,1.8,.870,1.5,2.6,4.1,0.5,0.6,1.2,0.9,2.6,12.4
36,9,17.0,3.1,5.5,.553,0.1,0.2,.333,3.0,5.4,.560,.558,0.9,1.5,.593,1.9,1.6,3.5,1.5,0.1,0.5,1.2,1.9,7.1
2,0,3.5,0.0,1.5,.000,0.0,1.5,.000,0.0,0.0,0,.000,0.0,0.0,0,1.0,0.0,1.0,0.5,0.0,0.0,0.0,0.0,0.0
7,1,17.4,1.7,4.3,.400,1.3,2.9,.450,0.4,1.4,.300,.550,0.3,0.3,1.000,0.4,1.7,2.1,0.6,0.3,0.3,0.7,1.9,5.0
74,4,22.5,4.4,10.3,.430,2.5,6.4,.392,1.9,3.8,.493,.553,2.2,2.7,.838,1.2,6.1,7.2,2.2,0.4,0.2,1.3,1.4,13.6
63,63,33.9,4.4,10.0,.440,2.3,6.1,.377,2.1,3.9,.539,.555,2.3,2.8,.851,0.5,4.0,4.5,7.5,1.1,0.3,2.7,2.8,13.4
4,0,11.0,1.3,4.8,.263,0.8,2.0,.375,0.5,2.8,.182,.342,0.0,0.0,0,0.5,1.3,1.8,2.8,0.8,0.0,0.8,1.8,3.3
52,18,13.2,1.4,3.6,.398,0.8,2.3,.361,0.6,1.2,.469,.516,0.7,0.8,.854,0.3,1.3,1.6,0.8,0.3,0.1,0.4,1.5,4.4
75,23,20.5,3.5,7.5,.466,0.9,2.8,.321,2.6,4.7,.552,.526,2.6,3.2,.802,1.2,3.9,5.1,1.2,0.4,0.4,1.0,1.6,10.5
51,3,19.4,3.4,7.5,.456,0.9,2.9,.301,2.6,4.7,.550,.513,2.7,3.5,.784,1.2,3.6,4.8,1.1,0.4,0.5,1.1,1.8,10.4
24,20,22.8,3.6,7.4,.489,1.0,2.6,.365,2.7,4.8,.557,.553,2.4,2.8,.851,1.2,4.4,5.6,1.3,0.3,0.3,0.8,1.3,10.6
51,7,17.8,2.3,6.2,.375,0.9,2.9,.293,1.5,3.3,.449,.445,1.5,2.0,.790,0.4,2.2,2.6,2.2,0.6,0.2,1.3,1.3,7.1
41,3,9.9,1.4,2.8,.496,0.5,1.3,.423,0.9,1.5,.556,.591,0.4,0.5,.818,0.9,1.1,2.0,0.5,0.2,0.2,0.4,0.7,3.8
81,33,28.6,4.1,8.5,.484,0.9,2.6,.365,3.2,6.0,.535,.539,1.6,2.0,.780,1.3,4.0,5.2,2.6,0.7,0.3,1.0,2.2,10.8
60,26,22.8,3.9,9.8,.393,1.6,4.5,.360,2.2,5.3,.421,.476,1.1,1.4,.793,0.4,2.4,2.9,1.5,0.8,0.2,1.2,1.7,10.4
23,0,5.6,1.8,3.0,.600,0.0,0.2,.250,1.8,2.9,.621,.607,0.6,1.0,.591,0.3,1.3,1.7,0.1,0.0,0.1,0.7,1.0,4.3
61,61,30.8,5.1,11.5,.445,2.2,6.2,.358,2.9,5.3,.548,.542,2.3,2.6,.868,1.0,4.7,5.7,1.3,0.7,0.5,0.9,2.1,14.8
55,4,13.4,2.0,4.9,.405,0.4,1.9,.200,1.6,3.0,.537,.444,1.3,1.7,.796,0.7,1.9,2.6,1.1,0.6,0.1,0.8,1.3,5.7
60,12,22.9,3.5,6.8,.507,1.1,2.6,.413,2.4,4.3,.565,.585,1.2,1.6,.763,1.2,2.7,3.8,1.1,1.0,0.5,0.9,1.7,9.2
71,11,26.3,2.9,6.0,.482,0.9,2.2,.384,2.0,3.7,.542,.554,1.1,1.5,.701,1.2,2.9,4.0,2.5,1.2,0.5,0.9,1.6,7.7
30,1,15.0,2.3,5.7,.409,0.7,2.5,.293,1.6,3.2,.500,.474,0.3,0.4,.692,0.6,1.3,1.8,0.7,0.4,0.3,0.5,1.2,5.7
27,1,16.4,2.6,6.2,.417,0.8,2.7,.297,1.8,3.5,.511,.482,0.3,0.5,.692,0.6,1.4,2.0,0.8,0.5,0.3,0.5,1.3,6.3
3,0,2.0,0.0,1.0,.000,0.0,0.3,.000,0.0,0.7,.000,.000,0.0,0.0,0,0.3,0.3,0.7,0.0,0.0,0.0,0.0,0.0,0.0
79,2,21.0,3.5,6.6,.533,0.8,2.1,.357,2.8,4.5,.617,.591,1.0,1.6,.634,1.0,2.7,3.8,1.3,0.4,0.5,0.8,1.4,8.8
65,33,26.3,2.8,7.1,.399,2.1,5.9,.360,0.7,1.2,.600,.550,2.2,2.8,.794,0.5,2.4,2.9,1.0,0.9,0.4,0.6,2.6,10.0
6,0,2.7,0.3,1.0,.333,0.3,1.0,.333,0.0,0.0,0,.500,0.0,0.0,0,0.0,0.3,0.3,0.2,0.2,0.0,0.0,0.2,1.0
49,14,20.4,1.8,4.5,.395,1.1,3.2,.338,0.7,1.3,.540,.516,0.4,0.6,.786,0.6,1.3,1.9,0.7,0.5,0.2,0.4,1.8,5.1
75,74,35.3,6.4,13.3,.485,1.8,4.1,.427,4.7,9.1,.512,.552,2.8,3.3,.866,0.3,2.9,3.2,4.3,0.7,0.4,1.2,2.1,17.5
28,5,7.9,1.1,2.3,.500,0.3,0.9,.320,0.9,1.4,.615,.563,0.3,0.3,.889,0.2,0.7,0.9,0.6,0.3,0.0,0.4,0.3,2.9
40,2,9.3,0.8,2.7,.296,0.4,1.7,.250,0.4,1.0,.375,.375,0.2,0.3,.667,0.1,1.0,1.1,1.0,0.4,0.0,0.1,1.1,2.2
1,0,3.0,1.0,1.0,1.000,0.0,0.0,0,1.0,1.0,1.000,1.000,0.0,0.0,0,0.0,0.0,0.0,0.0,0.0,0.0,1.0,0.0,2.0
1,0,22.0,2.0,5.0,.400,1.0,3.0,.333,1.0,2.0,.500,.500,1.0,1.0,1.000,0.0,3.0,3.0,1.0,1.0,1.0,2.0,5.0,6.0
36,36,35.2,8.1,18.5,.436,3.1,8.0,.384,5.0,10.4,.476,.520,1.3,1.9,.706,0.9,3.3,4.3,4.5,1.0,0.6,1.9,2.1,20.5
26,26,33.8,9.5,19.2,.493,2.7,6.9,.394,6.7,12.3,.549,.564,2.6,3.9,.667,0.7,3.7,4.5,5.8,1.3,0.0,2.2,1.7,24.3
27,8,24.1,3.7,7.7,.481,0.4,1.2,.303,3.3,6.5,.514,.505,0.7,0.9,.826,0.7,2.6,3.3,4.9,1.1,0.4,1.1,2.0,8.5
70,31,25.8,3.6,7.9,.460,1.1,3.6,.317,2.5,4.3,.579,.532,0.8,1.0,.803,1.1,3.1,4.2,1.1,0.7,0.8,1.1,3.2,9.2
55,2,16.3,2.2,4.6,.484,0.7,2.0,.380,1.5,2.7,.562,.565,1.0,1.3,.736,0.7,2.4,3.1,1.1,0.5,0.4,0.7,1.7,6.2
51,51,24.0,4.2,9.1,.462,2.1,5.0,.422,2.1,4.1,.512,.578,0.8,1.0,.784,0.4,1.9,2.3,1.3,0.3,0.1,0.8,1.5,11.3
74,17,15.8,3.9,6.2,.629,0.0,0.1,.222,3.9,6.1,.637,.631,1.4,2.0,.699,2.2,4.5,6.7,0.6,0.3,1.1,1.3,2.4,9.2
3,0,15.3,1.7,4.7,.357,0.7,2.0,.333,1.0,2.7,.375,.429,0.7,0.7,1.000,2.0,3.0,5.0,1.0,0.0,0.3,0.0,2.3,4.7
51,2,14.8,1.9,4.4,.436,1.1,2.9,.397,0.8,1.5,.506,.564,0.4,0.5,.731,0.6,1.6,2.2,0.9,0.4,0.1,0.5,1.1,5.4
17,3,12.1,1.4,3.6,.393,0.5,1.6,.333,0.9,2.0,.441,.467,0.1,0.5,.250,0.8,1.2,1.9,0.3,0.1,0.2,0.4,1.5,3.5
4,0,2.8,0.0,0.5,.000,0.0,0.3,.000,0.0,0.3,.000,.000,0.0,0.0,0,0.0,0.0,0.0,0.5,0.0,0.0,0.0,0.3,0.0
62,3,14.5,1.4,3.2,.440,0.4,1.4,.318,1.0,1.9,.530,.508,0.5,0.6,.750,0.4,1.2,1.5,2.9,0.9,0.2,0.6,0.9,3.8
64,6,20.1,3.4,8.4,.401,2.4,6.5,.362,1.0,1.9,.533,.541,1.1,1.4,.818,0.2,1.4,1.6,0.9,0.6,0.2,0.9,1.6,10.2
73,15,22.7,3.8,9.5,.404,1.9,5.1,.374,1.9,4.4,.440,.504,1.2,1.6,.750,0.9,3.6,4.5,2.7,1.4,0.5,1.5,1.8,10.8
6,0,9.7,1.3,4.0,.333,1.2,3.8,.304,0.2,0.2,1.000,.479,0.3,0.7,.500,0.2,1.0,1.2,0.7,0.0,0.0,0.3,0.5,4.2
60,20,21.3,3.4,7.5,.452,1.0,3.1,.306,2.4,4.4,.555,.516,1.2,1.5,.780,0.6,5.0,5.6,1.0,0.9,0.5,1.0,1.6,8.9
66,66,32.4,6.8,15.5,.443,2.5,6.6,.373,4.4,8.9,.494,.522,3.9,4.4,.890,0.6,4.8,5.4,5.4,1.2,0.3,2.9,2.4,20.1
1,0,2.0,0.0,0.0,0,0.0,0.0,0,0.0,0.0,0,0,0.0,0.0,0,0.0,0.0,0.0,0.0,0.0,0.0,0.0,1.0,0.0
81,48,29.0,4.0,9.8,.408,2.8,7.0,.400,1.2,2.8,.429,.551,0.6,0.7,.814,0.2,1.7,1.9,2.3,0.6,0.2,0.9,1.4,11.4
33,1,11.4,1.4,3.5,.391,0.2,1.1,.229,1.1,2.4,.463,.426,0.5,0.7,.708,1.2,2.2,3.5,0.9,0.3,0.4,0.6,2.0,3.5
24,0,11.3,1.3,3.5,.376,0.3,1.1,.222,1.1,2.4,.448,.412,0.5,0.7,.706,1.2,2.5,3.7,1.0,0.2,0.5,0.5,2.0,3.4
9,1,11.8,1.4,3.3,.433,0.2,0.9,.250,1.2,2.4,.500,.467,0.6,0.8,.714,1.3,1.4,2.8,0.6,0.6,0.2,0.9,2.1,3.7
55,6,21.4,3.1,7.3,.429,0.8,2.4,.323,2.4,4.9,.481,.483,1.1,1.3,.836,0.5,2.0,2.6,2.5,0.5,0.3,0.8,1.8,8.2
75,19,27.7,4.7,11.2,.418,1.3,4.3,.316,3.3,7.0,.480,.477,0.7,1.1,.659,0.4,1.8,2.2,4.2,0.7,0.3,1.5,1.9,11.5
67,67,33.8,9.2,20.5,.448,3.5,9.8,.355,5.7,10.8,.533,.533,4.0,4.7,.853,0.8,3.4,4.2,5.3,1.5,0.2,3.0,2.4,25.9
69,69,33.8,6.1,12.0,.508,0.3,1.3,.250,5.8,10.7,.541,.522,2.4,3.7,.663,2.1,6.2,8.3,2.5,0.8,1.7,1.9,2.1,15.0
76,37,28.1,5.1,10.9,.473,2.3,5.8,.391,2.9,5.1,.568,.578,1.2,1.5,.795,0.5,2.9,3.4,2.9,0.8,0.4,1.6,1.8,13.8
14,0,13.9,2.3,4.1,.561,0.0,0.0,0,2.3,4.1,.561,.561,0.9,1.6,.522,2.1,2.4,4.6,1.6,0.6,0.7,0.9,1.7,5.4
4,0,20.3,3.3,5.5,.591,0.0,0.0,0,3.3,5.5,.591,.591,0.8,1.8,.429,1.5,4.5,6.0,4.0,1.0,1.5,1.8,2.3,7.3
2,0,9.0,2.0,4.0,.500,0.0,0.0,0,2.0,4.0,.500,.500,0.0,0.0,0,3.5,1.5,5.0,0.5,0.5,0.5,1.0,1.0,4.0
5,0,14.0,2.2,4.4,.500,0.0,0.0,0,2.2,4.4,.500,.500,1.0,1.8,.556,2.2,2.0,4.2,0.4,0.6,0.4,0.6,1.4,5.4
3,0,8.7,1.3,1.7,.800,0.0,0.0,0,1.3,1.7,.800,.800,1.3,2.3,.571,2.0,1.0,3.0,1.0,0.0,0.3,0.0,2.0,4.0
52,11,11.7,1.5,3.5,.437,0.8,2.1,.364,0.8,1.4,.548,.546,0.5,0.7,.778,0.3,1.2,1.5,0.4,0.1,0.2,0.3,0.8,4.4
10,0,13.7,2.5,5.1,.490,0.5,1.4,.357,2.0,3.7,.541,.539,0.3,0.5,.600,0.2,1.2,1.4,2.4,0.7,0.3,0.6,0.9,5.8
1,0,2.0,0.0,1.0,.000,0.0,1.0,.000,0.0,0.0,0,.000,0.0,0.0,0,0.0,0.0,0.0,0.0,1.0,0.0,1.0,0.0,0.0
57,57,33.1,10.2,20.6,.493,1.5,4.5,.344,8.6,16.2,.534,.530,5.5,7.3,.761,1.4,4.4,5.7,6.7,1.2,0.4,3.4,1.5,27.4
2,0,15.5,1.0,1.5,.667,0.5,1.0,.500,0.5,0.5,1.000,.833,0.0,0.0,0,1.0,1.0,2.0,0.5,0.0,0.0,0.0,1.5,2.5
1,0,27.0,2.0,3.0,.667,1.0,2.0,.500,1.0,1.0,1.000,.833,0.0,0.0,0,2.0,2.0,4.0,1.0,0.0,0.0,0.0,3.0,5.0
1,0,4.0,0.0,0.0,0,0.0,0.0,0,0.0,0.0,0,0,0.0,0.0,0,0.0,0.0,0.0,0.0,0.0,0.0,0.0,0.0,0.0
3,0,5.3,0.0,2.0,.000,0.0,0.7,.000,0.0,1.3,.000,.000,0.7,1.3,.500,0.0,0.7,0.7,0.7,0.0,0.0,0.3,0.7,0.7
54,54,29.0,5.6,12.8,.434,1.9,5.1,.367,3.7,7.7,.478,.507,2.4,2.7,.872,0.5,3.9,4.4,2.1,0.5,0.3,1.3,2.1,15.4
17,1,17.5,3.2,6.7,.474,0.8,2.3,.333,2.4,4.4,.547,.531,0.5,0.5,.889,1.0,1.6,2.6,1.4,0.4,0.1,1.2,1.9,7.6
75,74,29.9,5.0,10.3,.484,1.7,4.2,.395,3.3,6.1,.545,.564,1.0,1.1,.869,0.4,2.7,3.0,4.4,0.7,0.2,1.0,1.2,12.6
2,0,5.5,0.0,1.0,.000,0.0,0.0,0,0.0,1.0,.000,.000,1.5,2.0,.750,0.0,0.0,0.0,2.0,0.5,0.0,0.5,0.5,1.5
17,3,14.1,1.4,4.5,.312,1.0,3.2,.315,0.4,1.4,.304,.422,0.2,0.2,1.000,0.1,1.3,1.4,0.3,0.2,0.1,0.5,0.8,4.1
15,2,13.0,1.3,4.5,.299,0.9,3.1,.283,0.5,1.4,.333,.396,0.1,0.1,1.000,0.1,1.3,1.4,0.2,0.3,0.1,0.5,0.8,3.7
2,1,22.0,2.0,5.0,.400,2.0,4.0,.500,0.0,1.0,.000,.600,1.0,1.0,1.000,0.0,1.5,1.5,1.0,0.0,0.5,0.0,0.5,7.0
1,0,1.0,0.0,0.0,0,0.0,0.0,0,0.0,0.0,0,0,0.0,0.0,0,0.0,0.0,0.0,0.0,0.0,0.0,0.0,0.0,0.0
62,1,13.9,1.8,4.5,.394,1.1,3.0,.382,0.6,1.5,.418,.522,0.7,0.8,.882,0.8,1.6,2.4,0.6,0.4,0.1,0.3,1.0,5.4
68,68,34.8,8.4,18.3,.462,1.4,4.3,.327,7.0,13.9,.504,.500,2.9,3.6,.794,1.2,7.1,8.3,9.2,2.0,0.3,2.6,2.0,21.1
43,0,13.8,2.6,5.8,.456,1.6,3.8,.429,1.0,2.0,.506,.597,1.1,1.3,.842,0.5,2.5,3.0,0.5,0.4,0.6,0.3,1.3,8.0
56,5,12.8,1.6,4.2,.389,0.7,2.4,.306,0.9,1.8,.500,.476,0.6,0.7,.865,0.4,1.3,1.6,0.8,0.5,0.1,0.6,1.0,4.6
14,0,10.4,0.9,2.5,.343,0.3,1.0,.286,0.6,1.5,.381,.400,0.4,0.7,.600,0.3,1.6,1.9,0.5,0.6,0.3,0.8,1.4,2.4
37,11,23.2,2.8,5.4,.515,0.5,1.7,.306,2.2,3.7,.610,.563,0.9,1.3,.653,1.6,4.1,5.6,2.0,1.0,0.4,0.7,1.8,6.9
9,0,20.2,3.0,5.4,.551,0.4,0.9,.500,2.6,4.6,.561,.592,0.9,0.9,1.000,1.6,2.8,4.3,0.9,0.6,0.8,1.1,1.9,7.3
14,0,4.5,0.4,1.3,.333,0.0,0.1,.000,0.4,1.1,.375,.333,0.2,0.3,.750,0.2,0.3,0.5,0.9,0.1,0.0,0.2,0.1,1.1
52,3,11.0,1.4,3.5,.396,0.6,2.2,.270,0.8,1.3,.612,.481,0.4,0.5,.808,0.3,1.4,1.7,0.4,0.4,0.1,0.6,1.3,3.8
70,19,19.6,2.9,6.3,.463,0.5,1.7,.292,2.4,4.6,.526,.502,1.2,1.5,.769,0.2,1.7,1.9,3.1,0.8,0.0,1.1,1.5,7.5
1,0,8.0,3.0,5.0,.600,0.0,1.0,.000,3.0,4.0,.750,.600,2.0,2.0,1.000,0.0,1.0,1.0,1.0,0.0,0.0,1.0,0.0,8.0
76,7,22.8,3.2,7.4,.437,2.1,5.1,.403,1.2,2.3,.511,.575,0.7,0.8,.881,0.3,2.3,2.7,1.3,0.4,0.2,0.8,2.5,9.2
24,0,10.9,1.1,2.8,.403,0.3,1.1,.269,0.8,1.7,.488,.455,0.7,1.3,.533,0.3,1.1,1.4,1.7,0.6,0.0,1.1,0.9,3.2
41,1,17.0,2.3,4.5,.516,0.9,2.0,.463,1.4,2.6,.557,.616,1.0,1.6,.631,1.4,2.2,3.6,0.4,0.4,0.3,0.6,1.9,6.6
25,11,22.5,1.3,2.4,.533,0.0,0.1,.000,1.3,2.3,.561,.533,0.8,1.2,.700,1.9,3.7,5.6,0.9,1.2,1.2,0.8,2.7,3.4
62,1,15.7,3.2,6.7,.475,1.0,2.6,.394,2.1,4.1,.526,.551,1.2,1.5,.783,0.4,1.6,2.0,2.1,0.4,0.2,0.6,1.2,8.5
58,5,11.8,1.5,3.8,.399,0.7,1.9,.342,0.9,1.9,.455,.484,0.4,0.4,.960,0.2,1.2,1.4,1.2,0.5,0.1,0.5,1.1,4.1
56,56,28.2,5.7,10.7,.535,0.3,1.0,.268,5.5,9.7,.563,.548,3.3,4.8,.690,3.0,8.1,11.1,2.8,1.1,0.6,2.6,3.4,15.0
46,4,13.2,1.8,3.8,.483,0.3,1.1,.306,1.5,2.8,.551,.526,1.0,1.5,.716,0.9,2.4,3.3,0.8,0.6,0.4,0.5,1.2,5.1
62,13,19.1,3.0,7.5,.403,1.3,3.7,.348,1.7,3.8,.455,.488,0.6,0.7,.837,0.6,3.0,3.6,1.0,0.4,0.3,0.9,1.3,7.9
77,77,31.2,2.6,5.8,.457,1.5,4.0,.389,1.1,1.8,.609,.591,0.6,0.7,.804,0.8,3.9,4.8,2.5,1.1,0.4,1.0,2.4,7.4
30,0,13.5,1.0,3.3,.303,0.5,1.7,.300,0.5,1.6,.306,.379,0.8,1.0,.793,0.9,1.6,2.5,0.3,0.2,0.2,0.3,1.0,3.3
20,0,15.4,0.9,3.5,.257,0.6,2.1,.268,0.4,1.5,.241,.336,0.5,0.7,.769,1.3,1.7,2.9,0.3,0.3,0.3,0.3,1.3,2.9
10,0,9.8,1.2,2.9,.414,0.4,0.9,.444,0.8,2.0,.400,.483,1.3,1.6,.813,0.2,1.4,1.6,0.4,0.2,0.1,0.4,0.4,4.1
70,20,25.0,3.1,8.2,.376,1.7,5.3,.318,1.4,2.9,.480,.478,0.8,0.9,.846,0.7,4.3,5.0,1.7,1.4,0.6,0.8,1.4,8.6
49,6,10.5,0.9,2.1,.404,0.3,1.0,.298,0.6,1.2,.491,.471,0.7,1.0,.686,0.6,0.8,1.4,0.5,0.5,0.2,0.5,1.1,2.7
48,6,20.7,3.3,4.7,.690,0.0,0.0,0,3.3,4.7,.690,.690,1.7,2.3,.727,2.4,3.5,5.9,1.1,0.6,1.3,0.9,3.1,8.2
67,61,29.6,3.1,6.4,.480,0.8,2.3,.350,2.3,4.1,.555,.544,1.8,2.3,.768,1.1,1.9,3.0,1.8,0.8,0.3,0.9,2.4,8.8
21,0,11.6,1.4,3.3,.435,0.4,1.2,.346,1.0,2.0,.488,.500,0.4,0.5,.727,0.5,1.4,2.0,0.7,0.2,0.3,0.2,1.2,3.7
8,1,21.6,4.4,9.1,.479,1.9,4.5,.417,2.5,4.6,.541,.582,1.8,2.4,.737,0.4,2.5,2.9,3.5,0.6,0.1,2.0,1.6,12.4
2,0,21.5,5.0,7.5,.667,0.5,1.5,.333,4.5,6.0,.750,.700,1.0,1.5,.667,1.0,2.0,3.0,1.5,0.5,0.5,0.0,2.5,11.5
40,1,19.1,3.2,7.2,.448,1.0,3.0,.336,2.2,4.2,.527,.517,1.7,2.2,.775,1.4,3.1,4.4,2.8,0.8,0.5,1.5,2.5,9.1
4,0,4.5,0.5,1.3,.400,0.3,0.5,.500,0.3,0.8,.333,.500,0.5,1.0,.500,0.5,1.3,1.8,0.5,0.0,0.0,0.0,0.5,1.8
16,0,2.8,0.1,0.6,.222,0.1,0.5,.125,0.1,0.1,1.000,.278,0.0,0.1,.000,0.1,0.4,0.4,0.3,0.0,0.0,0.1,0.4,0.3
66,3,22.2,3.7,8.7,.432,1.9,5.4,.357,1.8,3.2,.559,.544,1.3,2.0,.664,0.4,1.8,2.2,2.0,0.8,0.2,1.0,1.9,10.7
3,0,9.0,1.0,2.0,.500,0.0,0.3,.000,1.0,1.7,.600,.500,1.0,1.7,.600,0.3,1.3,1.7,0.0,0.0,0.7,0.0,0.3,3.0
76,13,26.3,5.4,12.3,.440,2.5,7.3,.345,2.9,5.0,.578,.542,1.7,2.5,.667,1.0,2.9,4.0,1.1,1.0,0.4,0.9,2.5,15.0
1,0,7.0,0.0,3.0,.000,0.0,2.0,.000,0.0,1.0,.000,.000,0.0,0.0,0,0.0,1.0,1.0,1.0,0.0,0.0,1.0,2.0,0.0
1,0,17.0,0.0,1.0,.000,0.0,0.0,0,0.0,1.0,.000,.000,0.0,0.0,0,0.0,2.0,2.0,0.0,0.0,0.0,1.0,2.0,0.0
24,3,6.9,0.6,1.9,.326,0.3,1.1,.231,0.4,0.8,.450,.391,0.1,0.2,.750,0.1,0.4,0.5,1.3,0.1,0.0,0.3,0.5,1.6
12,0,9.3,1.5,3.2,.474,0.7,1.3,.500,0.8,1.8,.455,.579,0.8,0.8,1.000,0.4,1.9,2.3,0.5,0.3,0.1,0.7,1.1,4.4
58,3,12.7,2.0,4.1,.485,0.7,1.9,.370,1.3,2.2,.583,.570,1.1,1.5,.767,0.5,1.3,1.8,0.6,0.2,0.1,0.5,0.9,5.8
65,65,32.9,5.6,11.3,.493,1.0,3.1,.317,4.6,8.3,.559,.536,2.6,3.1,.837,0.3,4.0,4.4,10.8,1.9,0.3,2.4,2.1,14.7
58,12,22.0,4.1,10.1,.409,1.2,3.6,.336,2.9,6.5,.449,.469,1.3,1.5,.843,0.4,2.6,3.0,4.9,0.7,0.3,1.8,2.1,10.8
50,1,11.0,1.3,3.5,.383,0.1,0.4,.222,1.3,3.1,.401,.394,0.2,0.6,.375,0.4,1.3,1.8,2.0,0.5,0.1,0.9,0.8,3.0
71,16,17.6,3.0,4.8,.616,0.6,1.7,.358,2.4,3.2,.754,.679,0.5,0.8,.603,1.0,2.5,3.5,0.9,1.4,0.3,0.6,1.8,7.1
3,0,6.3,1.0,1.7,.600,0.0,0.0,0,1.0,1.7,.600,.600,0.0,0.0,0,1.0,1.0,2.0,0.0,0.0,0.3,0.7,0.3,2.0
10,1,18.7,4.0,7.9,.506,0.3,1.6,.188,3.7,6.3,.587,.525,0.9,1.5,.600,1.5,3.2,4.7,1.2,0.9,0.6,1.1,3.3,9.2
9,1,19.7,4.3,8.7,.500,0.3,1.8,.188,4.0,6.9,.581,.519,1.0,1.7,.600,1.7,3.4,5.1,1.3,1.0,0.7,1.2,3.3,10.0
1,0,10.0,1.0,1.0,1.000,0.0,0.0,0,1.0,1.0,1.000,1.000,0.0,0.0,0,0.0,1.0,1.0,0.0,0.0,0.0,0.0,3.0,2.0
13,0,13.5,1.4,3.8,.360,1.0,3.0,.333,0.4,0.8,.455,.490,0.1,0.2,.500,0.5,2.0,2.5,0.5,0.0,0.5,0.4,0.9,3.8
19,0,7.8,0.7,2.1,.359,0.5,1.6,.333,0.2,0.5,.444,.487,0.5,0.5,1.000,0.1,1.0,1.1,0.9,0.3,0.1,0.3,0.6,2.5
73,73,24.6,2.8,4.4,.641,0.0,0.0,.000,2.8,4.4,.645,.641,0.9,2.3,.392,2.4,5.3,7.7,3.1,0.8,0.7,1.4,3.1,6.5
68,67,29.0,6.0,9.8,.618,0.0,0.0,1.000,6.0,9.7,.618,.619,1.4,2.8,.495,3.9,5.5,9.3,2.8,0.7,1.7,1.6,3.1,13.5
61,12,20.2,3.0,7.5,.408,0.9,3.2,.289,2.1,4.2,.498,.470,0.6,0.8,.700,1.2,4.0,5.2,2.1,0.6,0.6,1.5,1.4,7.6
12,0,5.9,0.4,1.3,.313,0.3,0.8,.333,0.2,0.6,.286,.406,0.0,0.2,.000,0.4,0.6,1.0,0.1,0.1,0.3,0.1,0.5,1.1
76,51,30.0,6.2,13.9,.448,2.8,7.6,.364,3.5,6.3,.550,.548,3.2,3.5,.925,0.4,3.0,3.4,4.0,0.8,0.3,2.5,2.7,18.5
61,61,31.3,5.5,13.2,.415,2.5,6.8,.375,3.0,6.5,.456,.511,2.0,3.2,.642,0.7,3.7,4.4,6.2,1.1,0.4,3.1,2.6,15.6
9,9,29.4,4.1,11.4,.359,1.1,5.3,.208,3.0,6.1,.491,.408,0.6,1.0,.556,1.0,5.6,6.6,1.9,1.1,0.2,1.3,1.8,9.9
63,15,22.2,3.1,6.6,.464,1.3,3.4,.370,1.8,3.2,.565,.560,0.8,1.0,.803,1.4,4.4,5.7,1.5,1.1,0.5,0.6,1.3,8.2
72,59,28.2,5.8,12.1,.479,1.8,4.7,.393,3.9,7.4,.533,.555,1.2,1.6,.752,2.5,6.6,9.1,1.2,0.7,0.7,1.3,2.4,14.6
51,51,29.0,6.9,15.0,.459,1.5,4.9,.310,5.4,10.1,.532,.510,4.9,5.6,.867,2.0,6.1,8.1,2.3,0.7,1.6,1.6,2.7,20.2
34,34,29.5,6.7,14.9,.451,1.4,5.1,.283,5.3,9.9,.537,.499,4.3,5.0,.865,1.9,5.8,7.7,2.0,0.7,1.7,1.6,2.6,19.2
17,17,28.2,7.2,15.2,.475,1.7,4.6,.367,5.5,10.6,.522,.531,5.9,6.8,.871,2.2,6.6,8.8,2.9,0.7,1.5,1.6,2.9,22.1
3,0,10.3,1.7,3.7,.455,0.0,0.7,.000,1.7,3.0,.556,.455,0.7,0.7,1.000,1.3,1.7,3.0,0.0,0.3,0.3,0.3,1.3,4.0
82,71,21.9,3.3,4.9,.671,0.2,0.5,.351,3.1,4.4,.703,.687,2.0,2.6,.783,2.1,2.8,4.9,1.2,0.5,0.5,0.8,2.7,8.7
11,0,4.7,0.5,1.5,.294,0.1,0.5,.167,0.4,1.0,.364,.324,0.2,0.2,1.000,0.1,0.5,0.5,0.3,0.1,0.0,0.3,0.7,1.2
40,39,33.3,6.2,13.6,.456,2.3,5.7,.406,3.9,7.8,.492,.542,4.0,5.0,.803,0.4,2.9,3.3,2.1,1.0,0.4,1.6,2.3,18.7
5,2,25.0,6.4,12.6,.508,2.6,4.8,.542,3.8,7.8,.487,.611,6.0,7.0,.857,0.6,2.2,2.8,2.8,0.4,0.8,1.4,2.8,21.4
50,16,19.3,2.0,5.4,.374,0.8,2.7,.307,1.2,2.7,.444,.452,0.9,1.2,.746,0.6,1.6,2.3,1.6,0.4,0.5,1.1,1.6,5.8
69,8,17.1,2.6,5.7,.454,1.2,3.3,.376,1.3,2.3,.565,.564,0.9,1.2,.756,0.4,2.1,2.5,1.0,0.7,0.3,0.8,1.7,7.3
71,2,14.1,2.3,5.3,.429,1.4,3.5,.412,0.8,1.8,.461,.564,0.3,0.3,1.000,0.5,1.4,1.9,2.0,0.4,0.1,0.6,0.9,6.2
10,0,7.4,1.5,3.3,.455,0.9,2.4,.375,0.6,0.9,.667,.591,0.4,0.4,1.000,0.7,0.9,1.6,0.4,0.5,0.1,0.7,0.6,4.3
15,0,8.0,1.1,2.5,.447,0.0,0.0,0,1.1,2.5,.447,.447,0.7,1.1,.647,0.9,1.1,2.1,0.4,0.1,0.5,0.4,1.2,3.0
78,3,23.1,3.6,9.3,.392,1.8,5.1,.346,1.9,4.2,.448,.487,2.3,2.6,.881,0.4,2.8,3.2,3.5,0.7,0.0,1.3,2.1,11.3
19,0,7.1,1.3,3.1,.414,0.3,0.9,.278,1.0,2.1,.475,.457,0.4,0.7,.500,0.2,0.5,0.7,0.4,0.1,0.1,0.3,0.5,3.2
72,72,35.3,7.1,17.3,.411,1.7,5.4,.308,5.4,11.9,.458,.459,4.2,5.6,.756,1.7,8.2,9.9,5.1,0.7,0.5,3.4,2.8,20.1
61,19,23.2,2.4,5.2,.459,0.9,2.7,.317,1.5,2.5,.616,.542,1.6,1.9,.839,0.7,2.4,3.2,1.8,0.5,0.3,0.7,1.4,7.3
49,7,20.7,3.4,8.3,.404,1.3,3.8,.359,2.0,4.6,.442,.485,2.1,2.3,.902,0.5,1.6,2.1,1.0,1.0,0.3,1.2,1.2,10.1
34,7,23.4,4.1,10.1,.402,1.7,4.5,.379,2.4,5.6,.421,.487,2.1,2.4,.900,0.6,1.9,2.5,1.1,1.0,0.3,1.3,1.3,11.9
15,0,14.3,1.8,4.3,.415,0.5,2.1,.258,1.3,2.3,.559,.477,1.9,2.1,.906,0.3,1.1,1.4,0.7,0.8,0.3,0.9,1.0,6.1
48,5,13.9,1.7,3.4,.503,0.8,1.8,.430,0.9,1.6,.587,.618,0.2,0.3,.667,0.3,2.0,2.3,1.1,0.5,0.2,0.3,1.3,4.4
38,2,7.9,1.4,2.5,.563,0.1,0.2,.250,1.4,2.3,.591,.573,0.2,0.4,.429,1.2,1.3,2.4,0.4,0.9,0.4,0.3,1.5,3.1
77,6,15.8,3.0,6.2,.489,0.7,2.2,.343,2.3,4.0,.568,.549,1.5,1.9,.765,1.3,2.6,3.9,0.9,0.5,0.9,1.1,2.2,8.3
50,5,7.3,1.2,1.8,.667,0.0,0.0,0,1.2,1.8,.667,.667,0.6,0.9,.698,0.7,1.0,1.7,0.3,0.2,0.4,0.5,1.0,3.0
65,7,24.6,3.6,8.2,.438,1.6,3.8,.415,2.0,4.4,.458,.534,1.5,1.7,.889,0.6,2.2,2.8,1.8,0.9,0.4,1.0,1.8,10.2
44,0,24.7,3.5,7.8,.443,1.4,3.5,.397,2.0,4.3,.481,.534,1.4,1.6,.859,0.6,2.3,2.8,1.5,0.8,0.5,0.9,1.9,9.7
21,7,24.4,3.9,9.1,.429,1.9,4.3,.444,2.0,4.8,.416,.534,1.7,1.8,.946,0.8,2.1,2.9,2.3,1.0,0.3,1.3,1.6,11.4
67,18,22.1,2.2,5.2,.417,1.2,3.4,.342,1.0,1.8,.563,.530,0.5,0.7,.727,0.3,1.4,1.7,1.3,0.8,0.1,0.8,1.8,6.0
79,68,25.9,3.7,9.2,.399,2.9,7.9,.372,0.7,1.3,.569,.559,0.6,0.8,.836,0.3,2.3,2.6,1.6,0.5,0.2,0.8,2.5,10.9
25,0,12.2,1.1,3.7,.301,0.7,2.4,.295,0.4,1.3,.313,.398,0.2,0.3,.500,0.2,0.7,0.8,1.3,0.4,0.0,0.7,1.1,3.1
17,0,11.6,1.1,3.4,.316,0.6,2.2,.270,0.5,1.2,.400,.404,0.1,0.1,1.000,0.1,0.6,0.8,1.2,0.5,0.0,0.6,1.0,2.8
3,0,5.0,0.3,2.7,.125,0.0,1.0,.000,0.3,1.7,.200,.125,0.0,0.0,0,0.0,0.3,0.3,0.7,0.0,0.0,0.3,0.7,0.7
5,0,18.2,1.8,5.6,.321,1.6,4.2,.381,0.2,1.4,.143,.464,0.4,1.2,.333,0.4,1.0,1.4,1.8,0.2,0.2,1.0,1.6,5.6
72,62,25.7,3.6,4.8,.761,0.0,0.0,0,3.6,4.8,.761,.761,1.2,2.5,.486,4.1,4.5,8.6,0.5,0.8,1.8,0.8,2.7,8.5
49,36,22.2,2.7,6.6,.414,1.2,3.4,.352,1.6,3.2,.478,.503,0.8,1.1,.741,1.5,4.1,5.6,1.0,0.6,0.3,0.8,1.5,7.5
45,28,21.1,3.7,7.2,.514,1.0,2.2,.444,2.7,5.0,.545,.582,1.7,2.6,.672,1.7,3.2,4.8,1.6,0.8,0.8,1.0,2.4,10.1
39,1,17.9,1.7,4.5,.386,0.8,2.3,.352,0.9,2.3,.420,.474,0.5,0.7,.731,0.4,2.4,2.8,4.4,0.8,0.2,1.7,1.4,4.8
18,0,16.1,1.3,3.9,.324,0.4,1.7,.267,0.8,2.3,.366,.380,0.1,0.1,.500,0.6,2.2,2.7,3.7,0.7,0.3,1.9,1.4,3.1
21,1,19.5,2.1,5.0,.429,1.1,2.8,.397,1.0,2.2,.468,.538,0.9,1.1,.750,0.2,2.6,2.8,4.9,0.9,0.0,1.6,1.5,6.2
26,4,24.5,4.7,10.5,.445,1.4,3.5,.402,3.3,7.0,.467,.513,1.2,1.2,.968,0.8,2.2,3.0,4.0,0.8,0.5,1.5,0.6,12.0
63,0,23.0,3.5,8.8,.397,1.2,4.2,.292,2.3,4.6,.493,.467,1.8,2.1,.862,0.3,2.2,2.6,1.8,0.4,0.2,1.2,1.1,10.0
73,73,33.7,7.1,16.0,.444,3.0,8.1,.374,4.1,7.9,.516,.539,2.1,2.4,.852,0.8,3.5,4.3,4.5,1.3,0.3,1.3,1.6,19.3
34,8,28.5,4.4,12.1,.363,1.7,5.1,.339,2.6,7.0,.380,.434,2.6,3.0,.854,0.4,3.7,4.1,6.6,1.4,0.2,2.6,2.2,13.1
65,65,32.0,6.2,15.0,.411,2.7,8.0,.340,3.5,7.0,.492,.502,3.0,3.7,.825,0.4,2.9,3.3,7.1,1.0,0.3,2.5,2.0,18.1
1,0,5.0,1.0,5.0,.200,1.0,5.0,.200,0.0,0.0,0,.300,0.0,0.0,0,0.0,0.0,0.0,0.0,1.0,0.0,0.0,0.0,3.0
62,61,34.5,7.1,12.5,.573,0.6,2.0,.312,6.5,10.5,.623,.598,4.0,5.4,.741,3.2,8.9,12.1,5.2,1.0,0.4,3.1,3.3,18.9
47,46,34.7,7.0,12.1,.580,0.7,2.3,.324,6.3,9.9,.639,.610,4.1,5.5,.740,3.3,8.8,12.1,5.0,1.0,0.5,3.0,3.1,18.9
15,15,33.6,7.5,13.5,.554,0.3,1.1,.235,7.2,12.3,.584,.564,3.7,4.9,.743,3.1,9.3,12.3,5.8,0.9,0.3,3.5,3.8,18.9
22,2,19.1,2.6,4.6,.574,0.6,1.3,.448,2.0,3.3,.625,.639,1.1,1.3,.828,1.5,2.7,4.2,0.9,0.3,0.7,1.0,2.4,7.0
32,3,15.0,1.0,3.3,.299,0.2,1.0,.161,0.8,2.4,.355,.322,0.6,0.8,.760,0.6,1.4,2.0,2.4,0.4,0.0,0.7,1.0,2.8
1,0,9.0,0.0,0.0,0,0.0,0.0,0,0.0,0.0,0,0,3.0,4.0,.750,0.0,1.0,1.0,0.0,0.0,0.0,0.0,0.0,3.0
22,10,18.9,1.8,3.8,.476,0.3,1.0,.273,1.5,2.8,.548,.512,1.0,1.1,.840,0.4,2.4,2.8,4.9,0.7,0.2,1.0,1.7,4.9
4,0,7.5,0.3,2.8,.091,0.3,1.5,.167,0.0,1.3,.000,.136,0.5,0.5,1.000,0.5,1.5,2.0,0.0,0.3,0.0,0.3,0.0,1.3
38,1,12.3,1.4,3.4,.419,0.7,2.1,.329,0.7,1.3,.560,.519,0.3,0.4,.800,0.4,1.9,2.3,0.7,0.1,0.1,0.6,1.5,3.8
64,29,28.7,4.9,11.3,.431,1.3,3.9,.344,3.5,7.4,.477,.490,2.5,2.9,.853,0.5,2.8,3.3,4.6,0.8,0.1,2.2,2.4,13.5
49,25,29.2,5.2,11.9,.440,1.4,3.9,.349,3.9,8.0,.485,.497,2.5,3.0,.848,0.6,2.8,3.3,4.2,0.8,0.1,2.1,2.4,14.4
15,4,26.9,3.7,9.3,.393,1.3,3.9,.328,2.4,5.5,.439,.461,2.3,2.6,.872,0.4,2.9,3.3,5.9,0.8,0.2,2.6,2.5,10.9
2,0,5.5,1.5,3.0,.500,0.0,0.5,.000,1.5,2.5,.600,.500,0.0,0.0,0,0.5,0.5,1.0,0.0,0.5,0.5,0.0,1.0,3.0
18,0,6.7,1.0,2.6,.391,0.3,1.2,.286,0.7,1.4,.480,.457,0.4,0.6,.700,0.1,0.8,0.9,0.4,0.2,0.2,0.4,0.5,2.7
3,0,6.3,0.3,1.3,.250,0.3,0.7,.500,0.0,0.7,.000,.375,0.7,1.3,.500,0.0,0.3,0.3,0.3,0.0,0.0,0.0,0.3,1.7
72,13,20.7,3.5,7.3,.474,0.4,1.6,.248,3.1,5.7,.539,.502,2.3,3.2,.711,1.9,3.5,5.5,2.6,0.8,0.9,2.0,3.0,9.6
11,11,28.7,6.2,13.7,.450,1.0,4.1,.244,5.2,9.6,.538,.487,2.6,3.5,.744,1.2,2.1,3.3,2.1,0.9,0.0,2.8,2.3,16.0
69,14,20.8,2.8,7.0,.394,1.8,4.8,.368,1.0,2.2,.450,.521,1.0,1.2,.840,0.2,1.6,1.8,1.6,0.4,0.1,0.6,1.3,8.3
32,8,12.2,2.7,4.7,.577,0.1,0.2,.286,2.6,4.4,.592,.584,0.8,1.3,.585,2.5,2.5,5.0,0.5,0.3,0.5,0.9,1.9,6.2
68,68,37.9,8.8,17.8,.494,1.1,3.2,.344,7.7,14.5,.527,.525,4.2,5.6,.749,1.9,6.6,8.5,5.3,1.3,0.6,2.7,3.3,22.8
10,0,9.1,0.8,1.5,.533,0.0,0.0,0,0.8,1.5,.533,.533,1.0,1.2,.833,1.3,2.3,3.6,0.7,0.0,0.1,0.8,2.0,2.6
1,0,3.0,0.0,0.0,0,0.0,0.0,0,0.0,0.0,0,0,0.0,0.0,0,0.0,1.0,1.0,0.0,0.0,0.0,0.0,0.0,0.0
9,0,9.8,0.9,1.7,.533,0.0,0.0,0,0.9,1.7,.533,.533,1.1,1.3,.833,1.4,2.4,3.9,0.8,0.0,0.1,0.9,2.2,2.9
9,0,3.9,0.4,1.7,.267,0.1,0.6,.200,0.3,1.1,.300,.300,0.9,1.2,.727,0.6,0.6,1.1,0.0,0.1,0.1,0.2,0.7,1.9
57,30,29.5,6.2,14.0,.443,3.1,7.8,.405,3.1,6.2,.490,.555,1.8,2.0,.888,0.5,2.2,2.6,3.9,0.5,0.1,2.0,1.9,17.3
4,4,43.5,4.8,13.0,.365,0.3,2.0,.125,4.5,11.0,.409,.375,1.3,1.3,1.000,0.5,4.8,5.3,7.5,1.3,1.0,2.5,3.8,11.0
41,5,13.5,1.0,1.3,.722,0.0,0.0,0,1.0,1.3,.722,.722,0.3,0.7,.414,1.5,2.6,4.1,0.5,0.3,0.5,0.5,1.6,2.2
3,0,9.0,0.3,3.3,.100,0.3,2.3,.143,0.0,1.0,.000,.150,0.0,0.0,0,0.0,2.0,2.0,0.3,1.0,0.3,0.0,1.3,1.0
17,1,11.8,1.1,3.5,.317,0.5,1.6,.296,0.6,1.9,.333,.383,0.3,0.4,.833,0.3,1.1,1.4,0.9,0.4,0.2,0.6,0.7,3.0
13,1,12.3,0.8,3.3,.256,0.3,1.4,.222,0.5,1.9,.280,.302,0.4,0.5,.833,0.3,1.2,1.5,1.1,0.3,0.2,0.7,0.8,2.4
4,0,10.0,2.0,4.3,.471,1.0,2.3,.444,1.0,2.0,.500,.588,0.0,0.0,0,0.3,1.0,1.3,0.5,0.5,0.3,0.5,0.3,5.0
71,71,32.3,4.2,10.1,.418,1.7,5.1,.331,2.5,5.0,.506,.501,2.0,2.5,.793,0.6,3.2,3.8,5.9,1.7,0.3,2.2,2.3,12.1
37,4,17.2,2.1,5.1,.418,0.2,0.7,.222,2.0,4.4,.451,.434,1.1,1.7,.656,0.5,1.8,2.4,3.6,1.2,0.3,1.4,1.4,5.6
65,1,17.3,2.8,6.6,.430,0.4,1.0,.373,2.5,5.6,.441,.459,0.2,0.4,.625,0.4,1.8,2.2,3.8,0.7,0.4,1.2,1.2,6.3
37,1,13.8,2.0,5.0,.395,0.3,0.7,.400,1.7,4.3,.394,.422,0.3,0.5,.632,0.3,1.2,1.5,2.6,0.5,0.3,1.0,0.9,4.5
28,0,22.0,4.0,8.8,.457,0.5,1.5,.357,3.5,7.3,.478,.488,0.1,0.2,.600,0.5,2.5,3.0,5.2,1.0,0.5,1.5,1.6,8.6
51,8,18.1,3.5,6.9,.503,0.8,2.4,.328,2.7,4.5,.596,.560,1.5,2.0,.765,2.0,4.0,6.0,0.5,0.3,0.8,0.8,1.9,9.2
29,4,13.2,2.2,4.7,.460,0.3,1.3,.231,1.9,3.4,.551,.493,1.4,1.8,.769,1.9,2.9,4.8,0.2,0.2,0.6,0.8,1.8,6.0
22,4,24.7,5.1,9.7,.531,1.4,3.8,.373,3.7,5.9,.631,.603,1.7,2.3,.760,2.1,5.5,7.6,0.8,0.4,1.0,0.9,2.0,13.4
9,0,4.3,0.2,1.1,.200,0.1,0.9,.125,0.1,0.2,.500,.250,0.0,0.0,0,0.2,0.4,0.7,0.1,0.0,0.0,0.0,0.2,0.6
2,0,4.0,0.0,1.0,.000,0.0,1.0,.000,0.0,0.0,0,.000,0.0,0.0,0,0.5,0.5,1.0,0.0,0.0,0.0,0.0,1.0,0.0
7,0,4.4,0.3,1.1,.250,0.1,0.9,.167,0.1,0.3,.500,.313,0.0,0.0,0,0.1,0.4,0.6,0.1,0.0,0.0,0.0,0.0,0.7
53,12,15.5,1.3,3.2,.404,0.8,2.4,.352,0.5,0.8,.558,.535,0.1,0.1,1.000,0.3,1.6,1.9,0.5,0.3,0.2,0.4,1.3,3.5
38,10,14.4,0.9,2.6,.371,0.6,2.0,.320,0.3,0.6,.545,.495,0.1,0.1,1.000,0.3,1.6,1.9,0.5,0.2,0.2,0.3,1.2,2.6
15,2,18.5,2.2,4.9,.446,1.4,3.5,.396,0.8,1.4,.571,.588,0.1,0.1,1.000,0.3,1.7,2.1,0.5,0.5,0.1,0.5,1.7,5.9
2,0,3.0,0.5,0.5,1.000,0.0,0.0,0,0.5,0.5,1.000,1.000,0.0,0.0,0,0.5,0.5,1.0,0.0,0.0,1.0,0.5,0.0,1.0
9,1,17.2,2.1,5.1,.413,0.4,1.9,.235,1.7,3.2,.517,.457,1.1,1.1,1.000,0.6,1.6,2.1,0.4,0.6,0.2,0.7,1.9,5.8
8,0,4.9,0.6,1.8,.357,0.5,1.3,.400,0.1,0.5,.250,.500,0.5,0.8,.667,0.1,0.3,0.4,0.3,0.0,0.0,0.1,0.1,2.3
2,0,12.0,1.5,4.0,.375,1.0,2.0,.500,0.5,2.0,.250,.500,1.5,2.0,.750,0.5,1.0,1.5,0.5,0.0,0.0,0.0,0.5,5.5
6,0,2.5,0.3,1.0,.333,0.3,1.0,.333,0.0,0.0,0,.500,0.2,0.3,.500,0.0,0.0,0.0,0.2,0.0,0.0,0.2,0.0,1.2
6,0,11.7,0.8,2.2,.385,0.0,0.5,.000,0.8,1.7,.500,.385,0.2,0.3,.500,0.2,2.3,2.5,1.8,0.0,0.0,0.7,1.3,1.8
40,1,18.6,3.6,7.8,.458,0.7,2.2,.310,2.9,5.6,.516,.502,1.6,2.0,.795,0.3,2.5,2.8,3.9,0.6,0.1,1.7,2.2,9.3
63,13,16.1,2.5,5.1,.489,0.3,1.0,.277,2.2,4.0,.543,.517,0.8,1.2,.707,0.7,1.9,2.6,0.7,0.5,0.3,0.7,1.7,6.1
71,71,25.6,3.5,6.9,.510,0.2,0.6,.326,3.3,6.3,.529,.526,1.0,1.5,.718,3.2,5.5,8.7,1.2,0.3,1.1,1.2,3.0,8.3
68,16,23.3,3.7,8.3,.441,2.7,6.5,.410,1.0,1.8,.557,.602,0.6,0.8,.792,0.4,2.6,3.0,1.4,0.4,0.2,0.8,1.7,10.6
48,45,27.2,4.1,11.4,.361,0.9,4.1,.214,3.3,7.3,.443,.400,2.6,3.4,.773,0.5,3.0,3.6,4.4,1.2,0.4,3.0,3.0,11.8
3,0,6.3,1.0,1.3,.750,0.0,0.3,.000,1.0,1.0,1.000,.750,0.0,0.0,0,0.0,0.0,0.0,0.3,1.3,0.0,0.3,2.3,2.0
32,11,17.7,2.2,5.9,.363,0.8,2.8,.300,1.3,3.1,.420,.434,0.5,0.5,.882,0.3,1.2,1.4,1.9,0.4,0.1,1.0,1.6,5.6
78,77,26.4,4.7,9.3,.498,0.8,2.6,.312,3.8,6.8,.569,.541,1.7,2.4,.707,1.7,3.7,5.4,2.8,0.9,0.5,1.8,3.7,11.8
76,76,35.9,9.3,20.6,.453,3.0,8.6,.353,6.3,12.0,.524,.526,5.3,6.2,.853,1.1,6.9,8.0,4.4,1.0,0.6,2.9,2.3,26.9
33,7,21.6,4.1,6.7,.614,0.4,1.2,.316,3.7,5.5,.676,.641,1.1,1.5,.706,2.9,2.3,5.2,1.2,0.4,0.2,0.7,1.8,9.6
59,16,18.6,1.9,5.0,.376,1.0,3.1,.319,0.9,1.9,.473,.476,0.5,0.7,.683,0.5,1.9,2.4,1.3,0.7,0.4,0.7,1.4,5.2
3,0,6.0,0.0,1.7,.000,0.0,0.0,0,0.0,1.7,.000,.000,0.0,0.0,0,2.7,2.3,5.0,0.7,0.3,0.0,1.7,1.3,0.0
2,0,1.5,0.5,0.5,1.000,0.0,0.0,0,0.5,0.5,1.000,1.000,0.0,0.0,0,0.0,0.0,0.0,0.0,0.0,0.0,0.0,0.5,1.0
3,0,2.7,0.0,0.3,.000,0.0,0.0,0,0.0,0.3,.000,.000,0.0,0.7,.000,0.0,0.7,0.7,0.3,0.3,0.0,0.0,0.3,0.0
47,27,20.8,3.2,6.2,.519,0.7,2.3,.308,2.5,3.9,.641,.576,1.0,1.5,.681,1.3,3.6,4.9,0.9,0.4,0.7,1.0,2.4,8.2
26,21,22.5,3.2,6.9,.469,0.9,3.0,.291,2.3,3.8,.610,.534,1.0,1.5,.675,1.2,3.8,5.0,0.8,0.4,0.7,1.2,2.4,8.4
21,6,18.7,3.2,5.3,.598,0.5,1.3,.357,2.7,4.0,.679,.643,1.0,1.5,.688,1.3,3.4,4.7,1.0,0.4,0.7,0.7,2.3,7.9
12,0,5.0,0.7,1.5,.444,0.2,0.8,.222,0.5,0.8,.667,.500,0.3,0.4,.600,0.2,0.7,0.8,0.9,0.1,0.1,0.5,0.6,1.8
67,2,17.6,3.3,7.5,.433,0.7,2.6,.270,2.6,4.9,.520,.480,1.3,1.6,.829,0.2,2.2,2.4,1.2,0.5,0.1,0.8,1.0,8.5
22,1,15.1,3.0,7.6,.401,1.3,3.8,.337,1.8,3.8,.464,.485,1.0,1.2,.846,0.2,1.1,1.3,1.5,0.3,0.2,0.7,1.5,8.4
4,1,25.3,3.0,9.8,.308,1.3,5.5,.227,1.8,4.3,.412,.372,2.0,2.8,.727,0.3,1.8,2.0,1.5,0.0,0.5,1.3,3.0,9.3
1,0,13.0,3.0,8.0,.375,0.0,3.0,.000,3.0,5.0,.600,.375,0.0,0.0,0,0.0,0.0,0.0,4.0,0.0,0.0,0.0,0.0,6.0
17,0,12.9,3.1,7.1,.433,1.4,3.4,.397,1.7,3.6,.468,.529,0.8,0.9,.933,0.2,1.1,1.2,1.4,0.4,0.2,0.6,1.3,8.3
40,0,11.5,1.4,3.4,.410,0.9,2.3,.385,0.5,1.1,.465,.541,0.4,0.5,.800,0.1,1.2,1.3,0.5,0.2,0.1,0.2,0.5,4.0
32,32,29.4,7.7,17.9,.429,3.6,9.3,.385,4.1,8.7,.477,.529,1.4,1.6,.902,0.5,3.4,3.9,2.8,0.5,0.5,1.3,1.7,20.4
57,6,15.7,2.5,4.7,.528,0.0,0.1,.333,2.5,4.6,.530,.530,1.1,2.0,.526,2.1,2.9,5.1,0.6,0.4,0.4,0.8,1.7,6.0
30,3,15.2,2.5,5.0,.503,0.0,0.0,1.000,2.5,5.0,.500,.507,1.1,2.0,.533,2.4,3.0,5.4,0.6,0.4,0.4,1.0,1.7,6.2
4,0,16.5,3.3,6.0,.542,0.0,0.0,0,3.3,6.0,.542,.542,0.8,2.0,.375,1.8,2.8,4.5,0.5,0.0,0.5,1.0,1.8,7.3
23,3,16.3,2.3,4.0,.565,0.0,0.1,.000,2.3,3.9,.578,.565,1.1,2.1,.542,1.8,3.0,4.7,0.6,0.5,0.3,0.5,1.7,5.7
33,0,7.9,0.7,1.7,.436,0.2,0.8,.259,0.5,0.8,.607,.500,0.4,0.6,.600,0.3,1.0,1.3,0.6,0.2,0.3,0.3,0.8,2.0
66,50,25.5,2.3,4.5,.500,0.7,2.2,.313,1.6,2.4,.673,.575,0.5,0.7,.791,0.6,1.7,2.3,1.1,1.7,1.1,0.6,2.4,5.7
36,3,12.8,1.2,3.5,.339,0.8,2.4,.314,0.4,1.1,.390,.445,0.1,0.2,.625,0.6,1.1,1.7,0.6,0.6,0.4,0.4,1.6,3.3
53,2,13.2,1.8,4.1,.454,0.2,0.9,.204,1.7,3.2,.527,.477,0.9,1.3,.648,1.2,1.8,3.0,1.2,0.9,0.3,0.6,1.2,4.8
12,0,6.2,0.6,2.2,.269,0.3,1.3,.250,0.3,0.8,.300,.346,0.2,0.5,.333,0.3,0.8,1.0,0.3,0.3,0.2,0.3,0.3,1.7
72,10,17.1,3.5,6.6,.531,0.7,2.3,.308,2.8,4.2,.655,.586,1.3,1.7,.758,1.0,2.8,3.7,1.1,0.3,0.5,0.8,1.4,9.0
73,6,13.6,1.6,3.2,.489,0.4,1.2,.322,1.2,2.0,.588,.549,0.5,1.0,.571,0.4,2.0,2.4,1.7,0.7,0.2,0.9,1.6,4.1
74,74,33.5,8.7,16.4,.529,2.0,4.9,.410,6.6,11.5,.580,.591,5.2,6.3,.822,2.6,7.2,9.8,3.6,1.0,1.1,3.1,3.6,24.6
70,69,35.0,6.4,15.5,.414,3.0,7.8,.383,3.4,7.7,.445,.511,2.5,2.9,.853,0.4,2.4,2.7,2.0,1.7,0.3,1.0,2.1,18.3
71,70,27.9,2.9,6.0,.484,1.1,2.7,.415,1.8,3.3,.540,.577,0.6,0.9,.738,1.4,4.0,5.5,2.1,0.8,0.2,0.9,2.3,7.6
5,0,14.2,1.2,1.8,.667,0.8,1.0,.800,0.4,0.8,.500,.889,1.0,1.4,.714,0.6,1.0,1.6,2.0,0.8,0.0,0.2,1.0,4.2
3,0,9.7,0.3,0.7,.500,0.3,0.7,.500,0.0,0.0,0,.750,1.0,1.3,.750,0.3,1.0,1.3,1.3,0.3,0.0,0.0,1.0,2.0
2,0,21.0,2.5,3.5,.714,1.5,1.5,1.000,1.0,2.0,.500,.929,1.0,1.5,.667,1.0,1.0,2.0,3.0,1.5,0.0,0.5,1.0,7.5
42,42,29.4,4.8,9.4,.509,1.5,4.4,.333,3.3,5.0,.662,.587,1.9,2.5,.752,1.5,5.5,7.1,1.0,0.7,2.8,1.3,2.8,12.9
74,74,30.3,6.9,12.7,.544,0.8,2.1,.361,6.1,10.5,.581,.574,3.2,3.9,.820,3.1,8.3,11.4,2.6,0.6,0.8,2.4,3.3,17.8
24,0,9.3,1.0,2.8,.379,0.8,2.0,.404,0.3,0.8,.316,.523,0.0,0.0,0,0.4,1.4,1.8,0.5,0.3,0.0,0.5,0.8,2.9
22,0,9.3,1.0,2.8,.371,0.8,2.0,.409,0.2,0.8,.278,.516,0.0,0.0,0,0.4,1.3,1.7,0.5,0.3,0.0,0.5,0.8,2.9
2,0,9.0,1.0,2.0,.500,0.5,1.5,.333,0.5,0.5,1.000,.625,0.0,0.0,0,0.0,2.0,2.0,0.0,0.5,0.0,1.0,1.5,2.5
74,67,25.4,2.9,4.9,.587,0.0,0.2,.143,2.8,4.7,.605,.590,1.2,1.8,.656,2.9,5.5,8.4,1.3,1.3,0.6,1.0,2.4,6.9
65,65,37.9,6.8,16.9,.403,3.7,9.9,.377,3.1,7.0,.440,.513,3.0,3.4,.874,0.7,3.8,4.4,6.7,1.7,0.5,2.6,2.5,20.3
71,32,27.3,4.6,10.8,.427,1.9,5.4,.361,2.7,5.4,.492,.516,1.2,1.4,.838,0.6,3.7,4.3,1.9,1.1,0.6,0.8,2.0,12.3
68,27,23.4,3.1,7.5,.417,1.8,4.8,.368,1.4,2.8,.500,.533,0.6,0.8,.815,0.3,1.5,1.9,3.1,0.9,0.2,1.4,2.3,8.7
73,73,33.1,7.5,15.8,.473,1.4,4.5,.314,6.1,11.3,.537,.518,1.3,1.7,.760,1.9,9.1,11.0,3.2,1.0,1.0,1.9,2.5,17.6
51,28,19.2,1.9,4.3,.456,1.0,2.8,.359,0.9,1.5,.640,.574,0.4,0.6,.667,0.6,2.3,2.9,1.0,0.6,0.1,0.3,1.7,5.3
79,79,30.7,5.8,12.3,.468,1.2,3.4,.354,4.6,8.9,.511,.517,2.4,2.8,.863,1.1,3.4,4.5,2.9,0.9,0.4,1.5,2.1,15.2
63,3,15.2,3.1,6.3,.497,1.0,3.2,.328,2.1,3.1,.672,.581,1.7,2.0,.806,0.7,3.0,3.7,1.4,0.3,0.2,0.9,2.0,9.0
45,0,8.0,0.9,2.3,.394,0.4,1.3,.322,0.5,1.0,.489,.486,0.2,0.3,.583,0.6,0.6,1.2,0.3,0.4,0.1,0.3,1.1,2.4
37,37,25.6,4.0,10.0,.403,2.0,5.4,.367,2.1,4.6,.444,.501,1.6,1.9,.845,0.4,2.6,3.0,3.5,0.7,0.2,1.3,1.0,11.6
70,6,23.0,4.4,10.9,.407,1.6,5.0,.314,2.9,5.9,.487,.480,1.7,2.1,.784,0.3,2.3,2.6,2.2,0.6,0.3,1.0,1.4,12.1
2,0,4.0,0.0,2.0,.000,0.0,1.0,.000,0.0,1.0,.000,.000,0.0,0.0,0,0.0,0.5,0.5,0.5,1.0,0.0,0.0,0.5,0.0
6,0,12.5,1.2,3.3,.350,0.3,1.3,.250,0.8,2.0,.417,.400,0.2,0.8,.200,0.0,1.3,1.3,0.2,0.5,0.2,0.3,1.2,2.8
3,3,36.0,2.0,8.7,.231,1.0,4.3,.231,1.0,4.3,.231,.288,1.3,1.3,1.000,0.7,2.7,3.3,7.0,2.3,1.3,3.7,2.7,6.3
23,2,13.9,1.2,3.3,.364,0.2,0.7,.235,1.0,2.6,.400,.390,1.0,1.1,.920,0.3,1.4,1.7,2.4,0.3,0.3,1.0,2.0,3.6
22,1,13.3,1.2,3.3,.361,0.2,0.8,.235,1.0,2.5,.400,.389,0.9,1.0,.909,0.3,1.3,1.6,2.2,0.2,0.3,1.0,1.9,3.5
1,1,27.0,2.0,5.0,.400,0.0,0.0,0,2.0,5.0,.400,.400,3.0,3.0,1.000,0.0,4.0,4.0,7.0,2.0,0.0,0.0,3.0,7.0
48,7,20.2,3.6,8.9,.405,1.7,4.5,.377,1.9,4.4,.434,.500,1.0,1.3,.754,0.1,1.6,1.7,1.8,0.5,0.1,1.2,1.4,9.9
65,28,27.2,3.8,8.2,.470,1.7,4.6,.365,2.2,3.6,.606,.573,0.9,1.2,.716,1.3,3.9,5.2,2.3,0.9,0.9,1.3,2.3,10.3
38,4,11.7,1.5,3.6,.406,0.7,2.1,.342,0.8,1.6,.492,.504,0.6,1.1,.600,0.5,1.9,2.4,0.6,0.3,0.4,0.5,1.0,4.3
25,1,18.6,2.8,7.0,.406,2.1,5.8,.363,0.7,1.2,.621,.557,0.2,0.2,.800,0.2,2.7,2.9,1.0,0.8,0.3,0.4,1.2,8.0
3,0,16.7,1.3,4.7,.286,0.7,3.0,.222,0.7,1.7,.400,.357,0.0,0.0,0,0.0,1.3,1.3,2.3,1.7,0.0,1.3,1.3,3.3
2,0,21.0,1.5,6.0,.250,1.0,4.5,.222,0.5,1.5,.333,.333,0.0,0.0,0,0.0,2.0,2.0,3.5,2.0,0.0,2.0,1.0,4.0
1,0,8.0,1.0,2.0,.500,0.0,0.0,0,1.0,2.0,.500,.500,0.0,0.0,0,0.0,0.0,0.0,0.0,1.0,0.0,0.0,2.0,2.0
48,10,18.1,3.0,5.6,.532,0.2,0.8,.237,2.8,4.8,.581,.549,1.5,2.0,.755,1.2,3.0,4.1,1.7,0.5,0.6,0.9,2.4,7.6
9,3,17.3,1.3,3.9,.343,0.7,2.9,.231,0.7,1.0,.667,.429,0.1,0.2,.500,0.3,2.7,3.0,0.9,0.3,0.3,0.4,1.1,3.4
11,0,6.6,1.1,1.9,.571,0.1,0.5,.200,1.0,1.5,.688,.595,0.5,0.5,1.000,0.2,1.1,1.3,0.5,0.1,0.1,0.3,1.4,2.7
78,78,34.3,7.0,15.8,.444,1.0,3.4,.298,6.0,12.4,.485,.476,3.4,5.1,.667,1.4,6.0,7.4,7.1,1.0,0.3,3.8,3.0,18.5
61,17,27.5,4.6,10.6,.433,2.2,5.8,.385,2.3,4.8,.491,.539,1.3,1.5,.857,0.3,2.7,3.0,2.9,0.5,0.2,1.1,2.2,12.7
75,52,29.3,4.5,10.7,.421,1.5,4.9,.312,3.0,5.7,.515,.493,2.7,3.1,.864,0.5,3.0,3.5,4.9,0.9,0.8,1.6,2.3,13.2
49,48,30.3,5.0,11.6,.426,1.7,5.3,.314,3.3,6.4,.519,.497,2.8,3.3,.869,0.5,3.0,3.5,5.6,1.0,0.9,1.8,2.4,14.4
26,4,27.4,3.6,8.8,.409,1.3,4.3,.306,2.3,4.6,.504,.483,2.5,2.9,.853,0.5,2.9,3.4,3.5,0.6,0.6,1.2,2.2,11.0
65,8,17.9,3.3,5.1,.652,0.0,0.0,0,3.3,5.1,.652,.652,1.6,2.6,.623,2.6,5.0,7.6,0.4,0.3,1.6,0.8,2.8,8.2
29,0,7.1,0.7,1.9,.357,0.5,1.5,.326,0.2,0.4,.462,.482,0.2,0.4,.538,0.1,0.3,0.5,0.3,0.1,0.1,0.1,0.5,2.1
50,35,24.2,3.1,6.7,.463,0.8,2.8,.304,2.3,4.0,.573,.525,1.2,1.7,.729,1.0,2.5,3.6,1.4,0.6,0.2,1.1,1.9,8.3
73,73,31.9,6.5,14.0,.466,2.2,5.5,.393,4.4,8.5,.513,.543,2.0,3.2,.634,1.2,3.3,4.5,2.2,1.0,0.7,1.5,2.2,17.2
19,0,10.5,1.4,3.2,.426,0.5,1.4,.346,0.9,1.8,.486,.500,1.0,1.8,.543,0.2,1.2,1.3,1.2,0.3,0.1,0.6,0.9,4.2
24,16,26.7,4.4,11.8,.372,1.3,4.4,.292,3.1,7.3,.420,.427,2.8,4.0,.701,0.8,2.3,3.1,3.9,1.0,0.4,2.4,2.2,12.9
77,21,24.4,2.7,5.6,.475,1.4,3.4,.411,1.3,2.3,.569,.597,1.1,1.2,.905,0.8,2.7,3.6,1.0,0.5,0.7,0.8,2.4,7.8
49,0,21.9,3.0,6.5,.461,0.8,2.5,.339,2.1,4.0,.536,.525,0.6,1.1,.545,1.5,3.0,4.5,2.2,0.9,0.2,0.9,1.7,7.4
56,0,14.3,2.2,5.7,.391,0.7,1.8,.363,1.6,3.9,.404,.448,1.2,1.4,.859,0.3,1.3,1.6,1.9,0.5,0.1,0.8,0.9,6.3
17,9,24.8,3.2,6.0,.529,0.9,1.7,.517,2.3,4.3,.534,.603,1.8,2.4,.732,1.0,3.1,4.1,0.9,0.5,0.5,0.9,1.6,9.0
61,61,29.6,4.4,6.0,.736,0.0,0.0,.000,4.4,6.0,.738,.736,1.1,1.5,.722,3.9,5.7,9.6,2.0,0.9,2.2,1.0,2.2,10.0
62,31,21.7,3.1,6.8,.450,1.2,3.9,.314,1.9,2.9,.632,.540,0.7,0.9,.782,0.4,1.7,2.1,1.0,0.6,0.2,0.7,1.8,8.1
4,1,13.5,2.8,3.8,.733,0.0,0.5,.000,2.8,3.3,.846,.733,2.0,2.5,.800,0.3,3.8,4.0,1.3,1.3,0.3,0.5,1.5,7.5
50,0,9.2,0.7,2.0,.378,0.4,1.4,.300,0.3,0.6,.571,.485,0.3,0.4,.833,0.4,1.4,1.8,0.7,0.3,0.1,0.3,0.9,2.2
48,11,16.1,2.3,5.4,.428,0.3,1.4,.227,2.0,4.0,.497,.457,0.8,1.4,.591,1.0,3.2,4.2,1.8,0.7,0.5,1.0,1.4,5.7
37,1,13.0,1.7,3.8,.447,0.1,0.8,.172,1.6,3.0,.518,.465,0.7,1.1,.610,0.8,2.8,3.6,1.4,0.6,0.5,1.0,1.2,4.2
11,10,26.8,4.3,10.5,.405,0.9,3.4,.270,3.4,7.2,.468,.448,1.3,2.3,.560,1.8,4.5,6.3,2.9,1.3,0.6,1.1,1.9,10.7
7,0,5.6,0.6,1.6,.364,0.3,0.9,.333,0.3,0.7,.400,.455,0.6,0.6,1.000,0.0,0.1,0.1,1.0,0.0,0.0,0.4,1.3,2.0
68,67,30.8,6.5,12.9,.501,1.9,4.9,.390,4.5,8.0,.570,.576,3.0,4.9,.623,1.6,8.5,10.1,2.3,0.8,1.0,1.9,2.5,17.9
12,0,3.5,0.2,1.3,.125,0.1,0.3,.250,0.1,1.0,.083,.156,0.2,0.2,1.000,0.4,0.5,0.9,0.3,0.1,0.1,0.1,0.3,0.6
77,8,18.9,1.6,3.5,.454,0.6,1.5,.379,1.0,2.0,.510,.535,0.7,0.8,.857,0.6,2.2,2.9,2.4,1.2,0.2,0.6,0.7,4.4
5,0,3.8,0.4,0.6,.667,0.2,0.4,.500,0.2,0.2,1.000,.833,0.0,0.0,0,0.0,0.0,0.0,0.6,0.0,0.0,0.2,0.2,1.0
4,0,3.8,0.3,1.0,.250,0.0,0.3,.000,0.3,0.8,.333,.250,0.8,0.8,1.000,0.3,0.5,0.8,0.5,0.0,0.3,0.0,0.0,1.3
1,0,1.0,0.0,0.0,0,0.0,0.0,0,0.0,0.0,0,0,0.0,0.0,0,0.0,0.0,0.0,1.0,0.0,0.0,0.0,0.0,0.0
3,0,4.3,0.3,1.3,.250,0.0,0.3,.000,0.3,1.0,.333,.250,1.0,1.0,1.000,0.3,0.7,1.0,0.3,0.0,0.3,0.0,0.0,1.7
2,0,10.5,1.0,3.5,.286,0.5,3.0,.167,0.5,0.5,1.000,.357,1.5,2.5,.600,0.0,1.0,1.0,2.0,1.0,0.5,0.5,2.0,4.0
52,1,16.3,2.7,5.2,.518,0.3,0.9,.354,2.4,4.3,.554,.550,0.4,0.9,.469,1.5,2.5,4.0,2.0,1.0,0.3,1.0,1.6,6.2
26,1,14.2,2.8,4.9,.578,0.0,0.2,.000,2.8,4.7,.602,.578,0.4,0.8,.455,1.5,2.0,3.6,2.3,0.9,0.3,1.2,1.5,6.1
26,0,18.3,2.6,5.5,.465,0.7,1.7,.395,1.9,3.9,.495,.524,0.5,1.0,.481,1.5,2.9,4.4,1.7,1.2,0.4,0.8,1.7,6.3
76,76,34.9,9.4,20.3,.460,3.1,8.0,.382,6.3,12.3,.512,.536,6.6,7.3,.904,0.7,3.1,3.7,9.7,0.9,0.1,4.0,1.7,28.4
56,12,12.6,2.3,4.4,.526,0.0,0.2,.091,2.3,4.2,.547,.528,0.7,1.1,.623,1.5,3.7,5.3,0.9,0.3,0.4,0.7,1.5,5.3
27,0,13.1,1.9,3.3,.567,0.0,0.1,.000,1.9,3.2,.593,.567,1.4,1.8,.776,1.9,2.8,4.6,0.8,0.3,0.2,0.7,2.1,5.2
76,76,24.4,4.1,6.5,.626,0.0,0.0,0,4.1,6.5,.626,.626,2.2,3.0,.727,2.9,5.6,8.5,1.6,0.5,1.0,1.5,2.7,10.3
